,model,method,mean_tbc,std_tbc,mean_wiki,std_wiki,self n=2,self n=3,self n=4,WT103 n=2,WT103 n=3,WT103 n=4,TBC n=2,TBC n=3,TBC n=4
0,"/max_iter=100,std_len=0,init_mask_prob=0,temperature=0.1,sample=False,top_k=0",Attention-1,0.038,0.003,0.049,0.006,0.5449640287769785,0.7746807848022423,0.9003564484769929,0.4631294964028777,0.7365306758019309,0.8869086195722619,0.5017985611510791,0.7714107754593584,0.9113739468567725
1,"/max_iter=100,std_len=0,init_mask_prob=0,temperature=0.1,sample=True,top_k=0",Attention-1,0.039,0.004,0.051,0.004,0.5587455830388692,0.7858453072454906,0.9087730451366814,0.47762073027090696,0.7564964842555794,0.898283534647171,0.5167844522968198,0.7902782023845919,0.9229179910998093
2,"/max_iter=100,std_len=0,init_mask_prob=0,temperature=0.1,sample=True,top_k=100",Attention-1,0.040999999999999995,0.004,0.049,0.006,0.5682051282051283,0.8047148288973384,0.9239525691699605,0.4887912087912088,0.7685171102661597,0.9040316205533597,0.521025641025641,0.8001520912547528,0.929802371541502
3,"/max_iter=100,std_len=0,init_mask_prob=0,temperature=1,sample=False,top_k=0",Attention-1,0.040999999999999995,0.005,0.05,0.006999999999999999,0.5643593960233219,0.7965522596676503,0.9093553078041687,0.4773508745701899,0.7501164777139308,0.8946518015834545,0.514875168186575,0.7895635968318062,0.9203425432218452
4,"/max_iter=100,std_len=0,init_mask_prob=0,temperature=1,sample=True,top_k=0",Attention-1,0.019,0.0,0.02,0.001,0.8526767744532403,0.9662640566430654,0.9922335682439235,0.7739165436736885,0.9457170623351382,0.9860491874011218,0.8014222460754059,0.9598778286824934,0.9916582770027327
5,"/max_iter=100,std_len=0,init_mask_prob=0,temperature=1,sample=True,top_k=100",Attention-1,0.027999999999999997,0.003,0.034,0.002,0.7297972785337407,0.9170023014959724,0.9771709937332139,0.627048042210497,0.8804660529344074,0.9653834676216055,0.6731463482366009,0.9076524741081703,0.9792599224112205
6,"/max_iter=100,std_len=0,init_mask_prob=0,temperature=10,sample=False,top_k=0",Attention-1,0.039,0.002,0.048,0.001,0.5624437105974182,0.7861821584529008,0.906361570918533,0.47673371359951966,0.7437616968184654,0.8945147679324894,0.5157610327229061,0.7827510917030568,0.9182083739045764
7,"/max_iter=100,std_len=0,init_mask_prob=0,temperature=10,sample=True,top_k=0",Attention-1,0.009000000000000001,0.0,0.01,0.0,0.9506435086842434,0.992003095575906,0.9985339197654272,0.9186555041859302,0.9891654843286469,0.9981340797014527,0.9321504435836562,0.9916161485876435,0.9985339197654272
8,"/max_iter=100,std_len=0,init_mask_prob=0,temperature=10,sample=True,top_k=100",Attention-1,0.017,0.001,0.018000000000000002,0.0,0.845778364116095,0.9702592087312415,0.9937853107344633,0.7783641160949868,0.9542974079126876,0.988135593220339,0.807915567282322,0.9671214188267394,0.993361581920904
9,"/max_iter=100,std_len=0,init_mask_prob=1,temperature=0.1,sample=False,top_k=0",Attention-1,0.10099999999999999,0.013000000000000001,0.061,0.005,0.1479104264726858,0.30146298211910744,0.4553256704980843,0.14363143631436315,0.3527412442736811,0.5293486590038314,0.1479104264726858,0.3655977538052313,0.5454406130268199
10,"/max_iter=100,std_len=0,init_mask_prob=1,temperature=0.1,sample=True,top_k=0",Attention-1,0.09699999999999999,0.02,0.063,0.006,0.13585938625558278,0.27480573819485954,0.4375484871993794,0.13312202852614896,0.3344291691572026,0.5275407292474786,0.14435960236277193,0.348326359832636,0.5424359968968192
11,"/max_iter=100,std_len=0,init_mask_prob=1,temperature=0.1,sample=True,top_k=100",Attention-1,0.099,0.013000000000000001,0.055999999999999994,0.004,0.14540742873596316,0.29253731343283584,0.44903965303593557,0.14468758997984452,0.351044776119403,0.5312887236679058,0.15476533256550531,0.3641791044776119,0.5472428748451054
12,"/max_iter=100,std_len=0,init_mask_prob=1,temperature=1,sample=False,top_k=0",Attention-1,0.107,0.023,0.062,0.002,0.1433854907539118,0.29683124539425204,0.4482653217178664,0.13926031294452348,0.3432571849668386,0.523460186458811,0.15206258890469418,0.356963890935888,0.5369096744612563
13,"/max_iter=100,std_len=0,init_mask_prob=1,temperature=1,sample=True,top_k=0",Attention-1,0.044000000000000004,0.005,0.045,0.003,0.7338556805257171,0.9292705206838053,0.9852961014434102,0.621382535068874,0.8952107529688111,0.9734250640766221,0.6542398584607608,0.9154378180869112,0.9848914069877243
14,"/max_iter=100,std_len=0,init_mask_prob=1,temperature=1,sample=True,top_k=100",Attention-1,0.075,0.006,0.063,0.003,0.5588859747720745,0.8618022431352327,0.9635007326495271,0.48282752591482453,0.836663658630914,0.9587052084720927,0.490320969151992,0.8522624726053887,0.9701611828959638
15,"/max_iter=100,std_len=0,init_mask_prob=1,temperature=10,sample=False,top_k=0",Attention-1,0.109,0.02,0.064,0.002,0.1322445440092499,0.27726183343319355,0.4341880341880342,0.12863130510189333,0.32953864589574594,0.5174825174825175,0.13614684202919497,0.3421210305572199,0.5305361305361306
16,"/max_iter=100,std_len=0,init_mask_prob=1,temperature=10,sample=True,top_k=0",Attention-1,0.009000000000000001,0.0,0.01,0.0,0.9505260521042084,0.9922420480993018,0.9974612506680919,0.9184619238476954,0.9891388673390225,0.9970603955104222,0.9347444889779559,0.9915955521075769,0.9974612506680919
17,"/max_iter=100,std_len=0,init_mask_prob=1,temperature=10,sample=True,top_k=100",Attention-1,0.027999999999999997,0.001,0.026000000000000002,0.001,0.8757146123942373,0.9918785310734464,1.0,0.7991081637319918,0.9792843691148776,0.9990298326461314,0.7863023096272582,0.9824623352165726,0.9997574581615328
18,"/max_iter=100,std_len=5,init_mask_prob=0,temperature=0.1,sample=False,top_k=0",Attention-1,0.040999999999999995,0.002,0.051,0.004,0.550774270399047,0.7816269718527683,0.9046010296010296,0.4751340083382966,0.7528611197030621,0.892052767052767,0.5035735556879095,0.7816269718527683,0.917953667953668
19,"/max_iter=100,std_len=5,init_mask_prob=0,temperature=0.1,sample=True,top_k=0",Attention-1,0.040999999999999995,0.003,0.049,0.003,0.5582369942196532,0.7859070464767616,0.9048286604361371,0.48034682080924856,0.7541229385307346,0.8928348909657321,0.5083815028901734,0.7812593703148426,0.915576323987539
20,"/max_iter=100,std_len=5,init_mask_prob=0,temperature=0.1,sample=True,top_k=100",Attention-1,0.040999999999999995,0.003,0.054000000000000006,0.005,0.5515569917743831,0.7845379688929551,0.9123335447051364,0.4700352526439483,0.7470265324794144,0.8945783132530121,0.5121915393654524,0.7857578530039646,0.9227964489537096
21,"/max_iter=100,std_len=5,init_mask_prob=0,temperature=1,sample=False,top_k=0",Attention-1,0.042,0.005,0.052000000000000005,0.005,0.5562209911663423,0.7926582672266294,0.9117980255704806,0.4807605929031292,0.7607715041219474,0.8977180773587959,0.5174427309477466,0.7917249961113704,0.9226412040783298
22,"/max_iter=100,std_len=5,init_mask_prob=0,temperature=1,sample=True,top_k=0",Attention-1,0.018000000000000002,0.001,0.02,0.001,0.8521693946479605,0.9709989258861439,0.9941650458460684,0.7707196674460899,0.9485767991407089,0.9886079466518477,0.8069628474928553,0.9652255639097744,0.9944429008057794
23,"/max_iter=100,std_len=5,init_mask_prob=0,temperature=1,sample=True,top_k=100",Attention-1,0.027999999999999997,0.004,0.033,0.004,0.7259704913336198,0.9141286584459961,0.9804042586020676,0.6262713078355536,0.8778784727380775,0.966517512729517,0.6666666666666666,0.9037290150051999,0.9817929331893226
24,"/max_iter=100,std_len=5,init_mask_prob=0,temperature=10,sample=False,top_k=0",Attention-1,0.044000000000000004,0.004,0.052000000000000005,0.003,0.5527426160337553,0.7907923582837457,0.9129726205997393,0.4676009644364075,0.7539931099279674,0.8971642764015645,0.5060277275467149,0.7873473222674601,0.9225880052151239
25,"/max_iter=100,std_len=5,init_mask_prob=0,temperature=10,sample=True,top_k=0",Attention-1,0.009000000000000001,0.0,0.01,0.0,0.9535751028806584,0.9936221100186022,0.9990379329301814,0.9180812757201646,0.9900345469040659,0.9989004947773502,0.9340277777777778,0.9917618921073611,0.9986256184716877
26,"/max_iter=100,std_len=5,init_mask_prob=0,temperature=10,sample=True,top_k=100",Attention-1,0.017,0.001,0.019,0.001,0.8384493252183117,0.9689381499726327,0.9931992065741003,0.7658110611272824,0.9521072796934866,0.9879569283083026,0.7950516009526329,0.9648330596606459,0.9931992065741003
27,"/max_iter=100,std_len=5,init_mask_prob=1,temperature=0.1,sample=False,top_k=0",Attention-1,0.08800000000000001,0.013000000000000001,0.061,0.005,0.14646249822770452,0.3083480305702528,0.4721671496111026,0.1519920601162626,0.36934156378600824,0.5561994814701845,0.16092442932085638,0.38594944150499705,0.5732804636266585
28,"/max_iter=100,std_len=5,init_mask_prob=1,temperature=0.1,sample=True,top_k=0",Attention-1,0.086,0.015,0.066,0.009000000000000001,0.17296511627906977,0.35082164932911203,0.5162805259862242,0.16482558139534884,0.40298507462686567,0.5922041327489042,0.17906976744186046,0.42002110658827074,0.6078584846587352
29,"/max_iter=100,std_len=5,init_mask_prob=1,temperature=0.1,sample=True,top_k=100",Attention-1,0.113,0.018000000000000002,0.067,0.009000000000000001,0.16250581485501628,0.3245246535610699,0.4782973018267136,0.16002481004806945,0.3718981630679987,0.546338193397017,0.16545200806326563,0.38752819851756365,0.5625942684766214
30,"/max_iter=100,std_len=5,init_mask_prob=1,temperature=1,sample=False,top_k=0",Attention-1,0.08900000000000001,0.013999999999999999,0.064,0.012,0.15475837533353098,0.3061884236453202,0.46951512241958715,0.15060776756596503,0.36607142857142855,0.5532085133621379,0.160243107026386,0.3817733990147783,0.5720915346455433
31,"/max_iter=100,std_len=5,init_mask_prob=1,temperature=1,sample=True,top_k=0",Attention-1,0.046,0.004,0.051,0.006,0.730335686857426,0.9383868081298734,0.986795193450416,0.6166233122754862,0.8993992074651668,0.9753070117522779,0.6513068252198687,0.9226639396650901,0.9861349531229368
32,"/max_iter=100,std_len=5,init_mask_prob=1,temperature=1,sample=True,top_k=100",Attention-1,0.063,0.011000000000000001,0.057999999999999996,0.004,0.5760802278073542,0.8778586942634471,0.9650257357793321,0.5084808716107465,0.8501341510157149,0.9576349478685495,0.5250711897981925,0.8710872620416507,0.9717566319123664
33,"/max_iter=100,std_len=5,init_mask_prob=1,temperature=10,sample=False,top_k=0",Attention-1,0.09300000000000001,0.009000000000000001,0.059000000000000004,0.008,0.1536102592695846,0.3118233001299264,0.4818140996856758,0.15207694452188458,0.3655262018189693,0.55470737913486,0.15876777251184834,0.3793850151580771,0.5728184403532406
34,"/max_iter=100,std_len=5,init_mask_prob=1,temperature=10,sample=True,top_k=0",Attention-1,0.009000000000000001,0.0,0.01,0.0,0.9527018594783477,0.9931727424964576,0.9988020764009051,0.9186322226382129,0.9902099703722788,0.9985358711566618,0.9331086983651566,0.9925286615998969,0.9988020764009051
35,"/max_iter=100,std_len=5,init_mask_prob=1,temperature=10,sample=True,top_k=100",Attention-1,0.028999999999999998,0.001,0.026000000000000002,0.001,0.8706666666666667,0.9917714285714285,0.9997647058823529,0.7944444444444444,0.9790857142857143,0.998,0.7843333333333333,0.9824,0.9995294117647059
36,"/max_iter=500,std_len=0,init_mask_prob=0,temperature=0.1,sample=False,top_k=0",Attention-1,0.053,0.004,0.068,0.004,0.4266566265060241,0.6816901408450704,0.846742671009772,0.35195783132530123,0.6571205007824726,0.8447882736156351,0.3969879518072289,0.7059467918622848,0.8789902280130293
37,"/max_iter=500,std_len=0,init_mask_prob=0,temperature=0.1,sample=True,top_k=0",Attention-1,0.055999999999999994,0.008,0.07,0.006,0.449036214953271,0.716883904213398,0.8709829867674859,0.3625876168224299,0.6873294937859957,0.8664146187775678,0.4101927570093458,0.7352227947862989,0.9004410838059231
38,"/max_iter=500,std_len=0,init_mask_prob=0,temperature=0.1,sample=True,top_k=100",Attention-1,0.052000000000000005,0.002,0.07,0.005,0.4346284532427242,0.7057830955668047,0.8680810336576806,0.3510119663170335,0.671575394999233,0.8613814005423512,0.4077411729945339,0.724957815615892,0.8944010208964747
39,"/max_iter=500,std_len=0,init_mask_prob=0,temperature=1,sample=False,top_k=0",Attention-1,0.05,0.003,0.071,0.006,0.4186998030004546,0.6823121751456922,0.8437448762092147,0.3392938323988483,0.6588439124271539,0.8462042957861945,0.40233368692226096,0.7057804378642306,0.8783407115920643
40,"/max_iter=500,std_len=0,init_mask_prob=0,temperature=1,sample=True,top_k=0",Attention-1,0.036000000000000004,0.002,0.04,0.003,0.713466266047528,0.9117647058823529,0.9758135444151276,0.6085768915596832,0.8748585972850679,0.9621811785400176,0.6547391423108441,0.9015837104072398,0.978891820580475
41,"/max_iter=500,std_len=0,init_mask_prob=0,temperature=1,sample=True,top_k=100",Attention-1,0.044000000000000004,0.003,0.051,0.004,0.6089227728363688,0.8557002780623445,0.9557952301382349,0.5112240576027107,0.815893458217474,0.9372626462099347,0.5651560073415219,0.8510171227864773,0.9635424578459669
42,"/max_iter=500,std_len=0,init_mask_prob=0,temperature=10,sample=False,top_k=0",Attention-1,0.055999999999999994,0.008,0.071,0.01,0.4326323422770123,0.7038374717832957,0.8644253322908523,0.3564902102973169,0.6746425884123401,0.8572322126661455,0.4005801305293691,0.7173814898419865,0.89147771696638
43,"/max_iter=500,std_len=0,init_mask_prob=0,temperature=10,sample=True,top_k=0",Attention-1,0.009000000000000001,0.0,0.01,0.0,0.9491780650018823,0.9935224770047933,0.9990627928772259,0.9214456017066132,0.9915792201062313,0.9990627928772259,0.9332413100765466,0.993133825625081,0.9990627928772259
44,"/max_iter=500,std_len=0,init_mask_prob=0,temperature=10,sample=True,top_k=100",Attention-1,0.019,0.001,0.019,0.0,0.8476044852191641,0.9674914451171361,0.9881600435492651,0.7786697247706422,0.9527507238747038,0.9838051170386499,0.8101427115188583,0.9634114240589629,0.9893848666303756
45,"/max_iter=500,std_len=0,init_mask_prob=1,temperature=0.1,sample=False,top_k=0",Attention-1,0.138,0.024,0.054000000000000006,0.004,0.13779293978048057,0.2698095823095823,0.3989175421840178,0.1383862355384159,0.32585995085995084,0.48869786692136263,0.1392761791753189,0.3376842751842752,0.5031836994587711
46,"/max_iter=500,std_len=0,init_mask_prob=1,temperature=0.1,sample=True,top_k=0",Attention-1,0.11599999999999999,0.021,0.063,0.009000000000000001,0.1474960311733295,0.287636417999701,0.4267328267948519,0.1427334391687112,0.3450441022574376,0.519460381454489,0.14316640207822195,0.35610704141127225,0.5324856566909598
47,"/max_iter=500,std_len=0,init_mask_prob=1,temperature=0.1,sample=True,top_k=100",Attention-1,0.113,0.019,0.057,0.005,0.1322023983620942,0.25745873087990306,0.3958856783919598,0.14112313541971336,0.3300015144631228,0.5010992462311558,0.15106756361509213,0.34302589731940025,0.5130339195979899
48,"/max_iter=500,std_len=0,init_mask_prob=1,temperature=1,sample=False,top_k=0",Attention-1,0.122,0.025,0.055999999999999994,0.006,0.128,0.2653875671527245,0.4050955414012739,0.1302222222222222,0.3281657712970069,0.4961783439490446,0.13733333333333334,0.34044512663085186,0.5144904458598726
49,"/max_iter=500,std_len=0,init_mask_prob=1,temperature=1,sample=True,top_k=0",Attention-1,0.057,0.006,0.06,0.003,0.6956631366616238,0.9241083051288727,0.9892357373519914,0.575642965204236,0.8824524863316845,0.9779332615715823,0.609304084720121,0.9061442332725853,0.98748654467169
50,"/max_iter=500,std_len=0,init_mask_prob=1,temperature=1,sample=True,top_k=100",Attention-1,0.077,0.006,0.057,0.005,0.5594493116395495,0.8375968992248062,0.9289719626168225,0.49261576971214016,0.827390180878553,0.9361815754339119,0.49849812265331667,0.8370801033591732,0.9447263017356475
51,"/max_iter=500,std_len=0,init_mask_prob=1,temperature=10,sample=False,top_k=0",Attention-1,0.11900000000000001,0.01,0.055,0.006,0.14050082471135103,0.2850481815355922,0.43442490724310373,0.14245014245014245,0.34271059993783026,0.5178254557186643,0.1560953666216824,0.3579421821572894,0.533473140829166
52,"/max_iter=500,std_len=0,init_mask_prob=1,temperature=10,sample=True,top_k=0",Attention-1,0.009000000000000001,0.0,0.01,0.0,0.9497619644199449,0.9937920331091568,0.9989307671745522,0.9188173390127787,0.989524055871702,0.9986634589681903,0.9322225006264094,0.9928867046042421,0.9989307671745522
53,"/max_iter=500,std_len=0,init_mask_prob=1,temperature=10,sample=True,top_k=100",Attention-1,0.026000000000000002,0.001,0.023,0.001,0.8905673431734318,0.9918071716931846,0.9982868330885952,0.8169972324723247,0.9802897174067917,0.9971855115026921,0.8059271217712177,0.983139396817858,0.9980420949583945
54,"/max_iter=500,std_len=5,init_mask_prob=0,temperature=0.1,sample=False,top_k=0",Attention-1,0.055,0.004,0.069,0.006,0.43208955223880596,0.7012403100775194,0.8553225806451613,0.3497014925373134,0.6665116279069767,0.8474193548387097,0.3917910447761194,0.710077519379845,0.8796774193548387
55,"/max_iter=500,std_len=5,init_mask_prob=0,temperature=0.1,sample=True,top_k=0",Attention-1,0.054000000000000006,0.004,0.068,0.006999999999999999,0.42160430921531517,0.6775948028403082,0.8412623645784267,0.3461930411995924,0.6562924913128871,0.8444025749725231,0.39292473431358277,0.7056957244296722,0.8761186999528968
56,"/max_iter=500,std_len=5,init_mask_prob=0,temperature=0.1,sample=True,top_k=100",Attention-1,0.054000000000000006,0.004,0.067,0.004,0.43727382388419783,0.7047947351927295,0.8679060665362035,0.3516284680337756,0.6689125665935444,0.8592628832354859,0.4060615199034982,0.7192102789094328,0.8957925636007827
57,"/max_iter=500,std_len=5,init_mask_prob=0,temperature=1,sample=False,top_k=0",Attention-1,0.055999999999999994,0.006,0.071,0.005,0.421875,0.6874814154029141,0.8568560840024707,0.3329988532110092,0.6529884032114184,0.8455836936380482,0.3903383027522936,0.7091882247992863,0.8858863495985176
58,"/max_iter=500,std_len=5,init_mask_prob=0,temperature=1,sample=True,top_k=0",Attention-1,0.034,0.004,0.039,0.004,0.7185902609631423,0.9168986636971047,0.9799538505912893,0.6015603981705676,0.8759743875278396,0.9643784251514278,0.6602098466505246,0.907989977728285,0.9826939717334872
59,"/max_iter=500,std_len=5,init_mask_prob=0,temperature=1,sample=True,top_k=100",Attention-1,0.042,0.004,0.052000000000000005,0.003,0.6254248810333106,0.8722026741731175,0.9587162654996353,0.5210061182868797,0.8236453201970443,0.9401896425966448,0.5721278042148199,0.865024630541872,0.9644055433989789
60,"/max_iter=500,std_len=5,init_mask_prob=0,temperature=10,sample=False,top_k=0",Attention-1,0.052000000000000005,0.006999999999999999,0.071,0.006999999999999999,0.429281122150789,0.6979071883530482,0.8474148802017655,0.3509643483343074,0.6681831968456172,0.8483606557377049,0.40400350672121565,0.7179253867151957,0.882250945775536
61,"/max_iter=500,std_len=5,init_mask_prob=0,temperature=10,sample=True,top_k=0",Attention-1,0.009000000000000001,0.001,0.01,0.001,0.9490945928833734,0.9926768667451288,0.9983777206975801,0.9209826516398633,0.9899306917745521,0.9982425307557118,0.9337723186020007,0.9922845560350464,0.9983777206975801
62,"/max_iter=500,std_len=5,init_mask_prob=0,temperature=10,sample=True,top_k=100",Attention-1,0.018000000000000002,0.002,0.02,0.001,0.8405797101449275,0.9640916920630714,0.9869809510757845,0.7777350262921636,0.9497813700808269,0.9830067150883924,0.8050532255995896,0.959984099642242,0.9871179936960395
63,"/max_iter=500,std_len=5,init_mask_prob=1,temperature=0.1,sample=False,top_k=0",Attention-1,0.111,0.039,0.059000000000000004,0.006999999999999999,0.15805785123966942,0.3127962085308057,0.4619410085632731,0.16130460448642267,0.37746521938541505,0.5523311132254995,0.176357733175915,0.39412933802170924,0.5651760228353948
64,"/max_iter=500,std_len=5,init_mask_prob=1,temperature=0.1,sample=True,top_k=0",Attention-1,0.10300000000000001,0.042,0.059000000000000004,0.005,0.1689000147253718,0.32809400274683354,0.47600950118764845,0.16963628331615374,0.38791393254997714,0.563895486935867,0.1877484906493889,0.41400885090798106,0.5846397466349961
65,"/max_iter=500,std_len=5,init_mask_prob=1,temperature=0.1,sample=True,top_k=100",Attention-1,0.102,0.023,0.061,0.008,0.16331326185930387,0.3232830820770519,0.4733596837944664,0.16698487296225584,0.3841936957514847,0.5592094861660079,0.1799089440446468,0.39972590223846505,0.5781818181818181
66,"/max_iter=500,std_len=5,init_mask_prob=1,temperature=1,sample=False,top_k=0",Attention-1,0.092,0.008,0.061,0.003,0.14248251748251747,0.286404833836858,0.42041712403951703,0.1467074592074592,0.34078549848942596,0.5105849145366159,0.1561771561771562,0.359214501510574,0.5279912184412733
67,"/max_iter=500,std_len=5,init_mask_prob=1,temperature=1,sample=True,top_k=0",Attention-1,0.051,0.005,0.057999999999999996,0.006,0.7068155857342302,0.9303971686983877,0.9853638704431494,0.5831958370351568,0.8850439113907458,0.9766906084835344,0.6172103058763803,0.9090313278280246,0.9872611464968153
68,"/max_iter=500,std_len=5,init_mask_prob=1,temperature=1,sample=True,top_k=100",Attention-1,0.081,0.017,0.061,0.005,0.5588792124195381,0.8393275996872557,0.9377777777777778,0.4881989145525685,0.8270784467031536,0.9431649831649832,0.49640287769784175,0.8389366692728695,0.953939393939394
69,"/max_iter=500,std_len=5,init_mask_prob=1,temperature=10,sample=False,top_k=0",Attention-1,0.11699999999999999,0.034,0.055,0.008,0.15205091937765206,0.3002923976608187,0.4451671456663137,0.14653465346534653,0.3543859649122807,0.5318408712751475,0.16053748231966053,0.37514619883040934,0.5492361216154893
70,"/max_iter=500,std_len=5,init_mask_prob=1,temperature=10,sample=True,top_k=0",Attention-1,0.009000000000000001,0.0,0.01,0.0,0.951287580870227,0.9937115157867156,0.999322768522281,0.9184320690092604,0.9917463644700641,0.999322768522281,0.9354306736014207,0.993449495611162,0.9994582148178247
71,"/max_iter=500,std_len=5,init_mask_prob=1,temperature=10,sample=True,top_k=100",Attention-1,0.025,0.002,0.022000000000000002,0.001,0.8886298023539863,0.9926907263590681,0.9991770514930637,0.8256717743726405,0.9818410232983097,0.9978838466964496,0.8133466577836997,0.9836683417085427,0.9988243592758053
72,"/max_iter=100,std_len=0,init_mask_prob=0,temperature=0.1,sample=False,top_k=0",Parallel-1,0.046,0.003,0.06,0.004,0.46831668406142835,0.7156574260492489,0.8640244884807475,0.38705829730132696,0.6859222549171442,0.8543579829225069,0.4291039212762785,0.7237107015641939,0.8846463670049943
73,"/max_iter=500,std_len=5,init_mask_prob=0,temperature=10,sample=True,top_k=0",Parallel-1,0.009000000000000001,0.0,0.01,0.0,0.9467638339920948,0.9932449655875606,0.9992101105845181,0.9139081027667985,0.9900586286005608,0.9989468141126909,0.9287302371541502,0.9928626051491206,0.9992101105845181
74,"/max_iter=500,std_len=5,init_mask_prob=0,temperature=10,sample=True,top_k=100",Parallel-1,0.022000000000000002,0.001,0.023,0.001,0.7992404400209534,0.9466558353642025,0.9837443946188341,0.714903090623363,0.925534795559166,0.9749159192825112,0.7424044002095338,0.9401570538857298,0.983604260089686
75,"/max_iter=500,std_len=5,init_mask_prob=1,temperature=0.1,sample=False,top_k=0",Parallel-1,0.11,0.077,0.033,0.008,0.0,0.0,0.0,0.016382252559726963,0.0349911190053286,0.05,0.016040955631399317,0.035523978685612786,0.0512962962962963
76,"/max_iter=500,std_len=5,init_mask_prob=1,temperature=0.1,sample=True,top_k=0",Parallel-1,0.11199999999999999,0.040999999999999995,0.057,0.01,0.12946759602550795,0.24558439563815082,0.3690078037904125,0.13851401453359038,0.319305790201198,0.47268673355629875,0.1527510010381136,0.33835048379665184,0.4878165312947922
77,"/max_iter=500,std_len=5,init_mask_prob=1,temperature=0.1,sample=True,top_k=100",Parallel-1,0.124,0.064,0.066,0.021,0.13526266121421832,0.248,0.3572640868974881,0.13746461151305442,0.310530612244898,0.4497623896809233,0.15099087763447624,0.32946938775510204,0.46554650373387646
78,"/max_iter=500,std_len=5,init_mask_prob=1,temperature=1,sample=False,top_k=0",Parallel-1,0.076,0.015,0.069,0.027000000000000003,0.0,0.0,0.0,0.019756427604871448,0.042717086834733894,0.05863570391872279,0.01948579161028417,0.04453781512605042,0.061828737300435414
79,"/max_iter=500,std_len=5,init_mask_prob=1,temperature=1,sample=True,top_k=0",Parallel-1,0.064,0.006,0.071,0.006,0.6442401960784314,0.9,0.9779373368146214,0.5207107843137255,0.8489254108723135,0.9607049608355092,0.5552696078431373,0.8744627054361568,0.9781984334203655
80,"/max_iter=500,std_len=5,init_mask_prob=1,temperature=1,sample=True,top_k=100",Parallel-1,0.08800000000000001,0.012,0.073,0.005,0.5422053231939163,0.8335514263281864,0.9422504733567758,0.4662864385297845,0.8116985082439152,0.9385988639437381,0.4785804816223067,0.8232138183721539,0.9538815255612659
81,"/max_iter=500,std_len=5,init_mask_prob=1,temperature=10,sample=False,top_k=0",Parallel-1,0.10800000000000001,0.065,0.051,0.025,0.0,0.0,0.0,0.015952732644017725,0.03577981651376147,0.04976228209191759,0.014771048744460856,0.037155963302752296,0.0526148969889065
82,"/max_iter=500,std_len=5,init_mask_prob=1,temperature=10,sample=True,top_k=0",Parallel-1,0.009000000000000001,0.0,0.01,0.0,0.9518664047151277,0.9950595388902964,0.9992150706436421,0.9212917485265226,0.9922726121104637,0.998953427524856,0.9322200392927309,0.9944261464403344,0.9992150706436421
83,"/max_iter=500,std_len=5,init_mask_prob=1,temperature=10,sample=True,top_k=100",Parallel-1,0.027999999999999997,0.002,0.026000000000000002,0.002,0.8495691718525611,0.9869232667160128,0.9988543788187373,0.7662757300143609,0.9705156674068591,0.995162932790224,0.7561033987553853,0.9769306686405133,0.9974541751527495
84,"/max_iter=100,std_len=5,init_mask_prob=1,temperature=10,sample=True,top_k=100",Parallel-1,0.028999999999999998,0.003,0.028999999999999998,0.002,0.8806451612903226,0.9946222791293213,1.0,0.791439205955335,0.9788732394366197,0.9978835978835979,0.7921836228287841,0.9843790012804098,0.9996031746031746
85,"/max_iter=500,std_len=0,init_mask_prob=0,temperature=0.1,sample=False,top_k=0",Parallel-1,0.063,0.005,0.073,0.006,0.39482889733840304,0.6616600790513834,0.8255144032921811,0.32456273764258553,0.6396837944664031,0.8245267489711934,0.3638022813688213,0.6782608695652174,0.8592592592592593
86,"/max_iter=500,std_len=0,init_mask_prob=0,temperature=0.1,sample=True,top_k=0",Parallel-1,0.059000000000000004,0.004,0.07200000000000001,0.004,0.4173122765196663,0.6744042092231507,0.8293625241468127,0.33358164481525626,0.6366450015475085,0.8290405666452029,0.382896305125149,0.6908077994428969,0.8625241468126207
87,"/max_iter=500,std_len=0,init_mask_prob=0,temperature=0.1,sample=True,top_k=100",Parallel-1,0.052000000000000005,0.004,0.066,0.006999999999999999,0.4094582460341215,0.6651119402985075,0.8267550954383694,0.32520203531876685,0.6343283582089553,0.8173730184406341,0.3811733014067644,0.6819029850746269,0.8560336460692333
88,"/max_iter=500,std_len=0,init_mask_prob=0,temperature=1,sample=False,top_k=0",Parallel-1,0.059000000000000004,0.005,0.073,0.015,0.41074943224829674,0.6774193548387096,0.8458640458640458,0.323996971990916,0.644059795436664,0.8370188370188371,0.37380772142316426,0.6926829268292682,0.8761670761670761
89,"/max_iter=500,std_len=0,init_mask_prob=0,temperature=1,sample=True,top_k=0",Parallel-1,0.047,0.005,0.055,0.006,0.6381476775377665,0.8671154690472705,0.9574662008202947,0.5102357758012142,0.8103322113273819,0.935439769102233,0.5589439503035437,0.8501390311722523,0.9606562357587726
90,"/max_iter=500,std_len=0,init_mask_prob=0,temperature=1,sample=True,top_k=100",Parallel-1,0.051,0.005,0.067,0.005,0.6114622840286557,0.8520890959382734,0.9508989273304125,0.47380250035117294,0.7894890085893143,0.928690134461399,0.5379969096783256,0.838258844082108,0.9589061791811452
91,"/max_iter=500,std_len=0,init_mask_prob=0,temperature=10,sample=False,top_k=0",Parallel-1,0.06,0.006,0.07400000000000001,0.006999999999999999,0.4111886036503932,0.6746802280782863,0.838756210931239,0.33269031013503486,0.644783479734936,0.8392370572207084,0.3764653509422763,0.6947141316073355,0.8748196826414489
92,"/max_iter=500,std_len=0,init_mask_prob=0,temperature=10,sample=True,top_k=0",Parallel-1,0.009000000000000001,0.0,0.01,0.0,0.9474412171507607,0.9918213682980657,0.998255735945257,0.9138689802590217,0.9902635336881734,0.998255735945257,0.9331070036464227,0.9916915487472413,0.9983899101033141
93,"/max_iter=500,std_len=0,init_mask_prob=0,temperature=10,sample=True,top_k=100",Parallel-1,0.023,0.002,0.023,0.001,0.7799514301133297,0.9394024015638089,0.9796006944444444,0.7038586076632488,0.9187377827422508,0.9719328703703703,0.7239611440906638,0.9345154984641162,0.9824942129629629
94,"/max_iter=500,std_len=0,init_mask_prob=1,temperature=0.1,sample=False,top_k=0",Parallel-1,0.188,0.07,0.053,0.016,0.0,0.0,0.0,0.024546952224052718,0.05068259385665529,0.06778761061946903,0.029324546952224053,0.05546075085324232,0.07026548672566371
95,"/max_iter=500,std_len=0,init_mask_prob=1,temperature=0.1,sample=True,top_k=0",Parallel-1,0.161,0.073,0.057999999999999996,0.009000000000000001,0.1350424802504099,0.2592878063819948,0.38260175578611333,0.14294231629154866,0.33898566363496224,0.4869912210694334,0.16455507527202265,0.3553260366887621,0.5005586592178771
96,"/max_iter=500,std_len=0,init_mask_prob=1,temperature=0.1,sample=True,top_k=100",Parallel-1,0.10400000000000001,0.055999999999999994,0.055,0.008,0.12234118486795147,0.24013595389389686,0.3534997702557819,0.1416131334760885,0.3122506280478794,0.44922652779905037,0.15074946466809422,0.3277671050687158,0.4611732271404503
97,"/max_iter=500,std_len=0,init_mask_prob=1,temperature=1,sample=False,top_k=0",Parallel-1,0.159,0.047,0.051,0.015,0.0,0.0,0.0,0.0186084142394822,0.04395973154362416,0.06341463414634146,0.0186084142394822,0.04563758389261745,0.06672473867595818
98,"/max_iter=500,std_len=0,init_mask_prob=1,temperature=1,sample=True,top_k=0",Parallel-1,0.067,0.011000000000000001,0.065,0.005,0.6601134215500946,0.9147690305790501,0.9848016139878951,0.5362318840579711,0.8606376057254391,0.9667787491593813,0.569880277252678,0.8867924528301887,0.9821116341627438
99,"/max_iter=500,std_len=0,init_mask_prob=1,temperature=1,sample=True,top_k=100",Parallel-1,0.079,0.009000000000000001,0.07,0.005,0.5595417925478349,0.8439246263807667,0.938624764974483,0.475956696878147,0.825471085120208,0.9456083803384367,0.4938318227593152,0.8385964912280702,0.9548751007252216
100,"/max_iter=500,std_len=0,init_mask_prob=1,temperature=10,sample=False,top_k=0",Parallel-1,0.16,0.078,0.06,0.024,0.0,0.0,0.0,0.014126984126984127,0.03569078947368421,0.05187713310580205,0.01746031746031746,0.04013157894736842,0.05443686006825939
101,"/max_iter=500,std_len=0,init_mask_prob=1,temperature=10,sample=True,top_k=0",Parallel-1,0.009000000000000001,0.0,0.01,0.0,0.9506188273534192,0.9921280165182604,0.9987998399786638,0.9181147643455432,0.9895470383275261,0.9986664888651821,0.9322415301912739,0.9912246741515034,0.9987998399786638
102,"/max_iter=500,std_len=0,init_mask_prob=1,temperature=10,sample=True,top_k=100",Parallel-1,0.028999999999999998,0.002,0.027000000000000003,0.002,0.8325927705055842,0.9822954067104123,0.9979557940462501,0.7516512549537648,0.9614956048037637,0.9946339593714066,0.744806052599976,0.9691717221740745,0.9969336910693752
103,"/max_iter=500,std_len=5,init_mask_prob=0,temperature=0.1,sample=False,top_k=0",Parallel-1,0.057,0.009000000000000001,0.073,0.006999999999999999,0.402241226776762,0.6601347213717085,0.8242877606239057,0.3201120613388381,0.6285976729944887,0.8203087696960051,0.37717487466823946,0.684476423759951,0.8615311157090562
104,"/max_iter=500,std_len=5,init_mask_prob=0,temperature=0.1,sample=True,top_k=0",Parallel-1,0.053,0.005,0.07,0.006,0.4219049021051082,0.6787406388506801,0.8344191959319879,0.3365228912115413,0.6481736206633043,0.8366438900365486,0.3912851464743118,0.6992205410362219,0.8700143016049579
105,"/max_iter=500,std_len=5,init_mask_prob=0,temperature=0.1,sample=True,top_k=100",Parallel-1,0.057999999999999996,0.006999999999999999,0.076,0.005,0.4220383955049165,0.6821503979210655,0.835110885390215,0.3338535976275948,0.6472307942179633,0.8322329439647875,0.38348681130014045,0.695630989118077,0.8679532757745049
106,"/max_iter=500,std_len=5,init_mask_prob=0,temperature=1,sample=False,top_k=0",Parallel-1,0.057999999999999996,0.006999999999999999,0.077,0.006,0.3938618925831202,0.6459277786462404,0.8177972994956889,0.314878892733564,0.6218539940597155,0.8164958516349439,0.3649766812095682,0.6764108175707363,0.8586302261265658
107,"/max_iter=500,std_len=5,init_mask_prob=0,temperature=1,sample=True,top_k=0",Parallel-1,0.05,0.009000000000000001,0.06,0.008,0.6405596422904948,0.8731108783480472,0.9628478159490129,0.4990624549257176,0.8138560526709562,0.9389087517487953,0.5599307659022068,0.8530600029926679,0.963935955230841
108,"/max_iter=500,std_len=5,init_mask_prob=0,temperature=1,sample=True,top_k=100",Parallel-1,0.052000000000000005,0.006,0.067,0.004,0.5996945292974174,0.852560414269275,0.957624589674724,0.468619827825604,0.7894131185270425,0.930766935243211,0.5302693696195502,0.8357307249712314,0.9606087735004476
109,"/max_iter=500,std_len=5,init_mask_prob=0,temperature=10,sample=False,top_k=0",Parallel-1,0.059000000000000004,0.005,0.077,0.004,0.42254826254826255,0.6912449799196787,0.8584100418410042,0.33235521235521237,0.6533333333333333,0.8465271966527197,0.38084942084942086,0.7053815261044176,0.8880334728033473
110,"/max_iter=100,std_len=0,init_mask_prob=0,temperature=0.1,sample=True,top_k=0",Parallel-1,0.051,0.003,0.061,0.006,0.47244326554671384,0.7215422276621787,0.8604836143811645,0.38756262894193927,0.6851285189718482,0.8538020999045498,0.42513999410551134,0.7218482252141983,0.881641743557111
111,"/max_iter=100,std_len=0,init_mask_prob=0,temperature=0.1,sample=True,top_k=100",Parallel-1,0.052000000000000005,0.004,0.062,0.004,0.47733732236350035,0.728982128982129,0.8767987065481002,0.38459237097980553,0.6891996891996892,0.8635408245755861,0.4261780104712042,0.7263403263403263,0.8919967663702506
112,"/max_iter=100,std_len=0,init_mask_prob=0,temperature=1,sample=False,top_k=0",Parallel-1,0.048,0.004,0.06,0.008,0.48223196733706336,0.7317303158887317,0.8787829216424015,0.39800393164978076,0.6913405626276914,0.8668411581874693,0.44049599274156964,0.7378595002357379,0.8987403893342057
113,"/max_iter=100,std_len=0,init_mask_prob=0,temperature=1,sample=True,top_k=0",Parallel-1,0.025,0.002,0.028999999999999998,0.003,0.780958999305073,0.9369330453563715,0.981478715459298,0.6767199444058374,0.9020878329733621,0.9701269604182226,0.7160528144544823,0.9277177825773938,0.9808812546676624
114,"/max_iter=100,std_len=0,init_mask_prob=0,temperature=1,sample=True,top_k=100",Parallel-1,0.038,0.002,0.040999999999999995,0.002,0.65970064953403,0.8786592505854801,0.9644484958979034,0.5512567071448743,0.8312353629976581,0.9443938012762079,0.5929116068907089,0.8653395784543325,0.9683986630203586
115,"/max_iter=100,std_len=0,init_mask_prob=0,temperature=10,sample=False,top_k=0",Parallel-1,0.05,0.003,0.064,0.005,0.4899236641221374,0.7415873015873016,0.8889256198347107,0.39908396946564884,0.6993650793650794,0.8667768595041322,0.4441221374045802,0.7388888888888889,0.903305785123967
116,"/max_iter=100,std_len=0,init_mask_prob=0,temperature=10,sample=True,top_k=0",Parallel-1,0.009000000000000001,0.0,0.01,0.0,0.9517483393909011,0.9946953034027688,0.9995988768551946,0.917157538538664,0.9908138180877216,0.9993314614253243,0.9348289259305678,0.9935308578082547,0.9995988768551946
117,"/max_iter=100,std_len=0,init_mask_prob=0,temperature=10,sample=True,top_k=100",Parallel-1,0.02,0.001,0.021,0.001,0.8326807622030802,0.9646519158121964,0.9941357162803686,0.7515009135995824,0.944954128440367,0.9864562971237084,0.7764291307752546,0.9612790070156503,0.9941357162803686
118,"/max_iter=100,std_len=0,init_mask_prob=1,temperature=0.1,sample=False,top_k=0",Parallel-1,0.05,0.006999999999999999,0.067,0.01,0.0,0.0,0.0,0.017541229385307347,0.0367601246105919,0.05170178282009724,0.019490254872563718,0.03956386292834891,0.055915721231766614
119,"/max_iter=100,std_len=0,init_mask_prob=1,temperature=0.1,sample=True,top_k=0",Parallel-1,0.113,0.036000000000000004,0.054000000000000006,0.013999999999999999,0.10331862023867909,0.2119972733469666,0.33220760753643797,0.11247343469020762,0.2791411042944785,0.4340561677923925,0.11590649010953082,0.2897068847989093,0.448809100604337
120,"/max_iter=100,std_len=0,init_mask_prob=1,temperature=0.1,sample=True,top_k=100",Parallel-1,0.10099999999999999,0.040999999999999995,0.061,0.006999999999999999,0.1339607843137255,0.2811225322238538,0.42327952421410364,0.15074509803921568,0.3573176700930005,0.5305012744265081,0.16109803921568627,0.37624408549518684,0.546304163126593
121,"/max_iter=100,std_len=0,init_mask_prob=1,temperature=1,sample=False,top_k=0",Parallel-1,0.16399999999999998,0.09,0.055,0.012,0.0,0.0,0.0,0.01893687707641196,0.04455958549222798,0.06276978417266187,0.01744186046511628,0.043523316062176166,0.06636690647482014
122,"/max_iter=100,std_len=0,init_mask_prob=1,temperature=1,sample=True,top_k=0",Parallel-1,0.054000000000000006,0.005,0.053,0.004,0.7170404814004376,0.9382611158312093,0.9911920140927775,0.5960065645514223,0.8923817615406401,0.9812096300645919,0.6301969365426696,0.9148966298499008,0.9903112155020551
123,"/max_iter=100,std_len=0,init_mask_prob=1,temperature=1,sample=True,top_k=100",Parallel-1,0.076,0.006999999999999999,0.068,0.006,0.5731106243154436,0.872412815423873,0.9642857142857143,0.48069550930996713,0.8446271618939609,0.96222810111699,0.49602957283680177,0.8551176637368869,0.971928277483833
124,"/max_iter=100,std_len=0,init_mask_prob=1,temperature=10,sample=False,top_k=0",Parallel-1,0.133,0.111,0.061,0.027999999999999997,0.0,0.0,0.0,0.01761252446183953,0.04004106776180698,0.05680345572354212,0.0162426614481409,0.04086242299794661,0.059611231101511876
125,"/max_iter=100,std_len=0,init_mask_prob=1,temperature=10,sample=True,top_k=0",Parallel-1,0.009000000000000001,0.0,0.01,0.0,0.9479293133684068,0.9923216529387129,0.9994213800086793,0.9202751922298664,0.9900879519754293,0.9992767250108491,0.9321462295966545,0.9921820466285076,0.999132070013019
126,"/max_iter=100,std_len=0,init_mask_prob=1,temperature=10,sample=True,top_k=100",Parallel-1,0.03,0.001,0.028999999999999998,0.0,0.8744008848469952,0.9955623177380499,0.9997381170616735,0.7819835320142559,0.9803474071256498,0.9993452926541836,0.7779279832862235,0.9863065804488399,0.9996071755925101
127,"/max_iter=100,std_len=5,init_mask_prob=0,temperature=0.1,sample=False,top_k=0",Parallel-1,0.049,0.006999999999999999,0.059000000000000004,0.005,0.5047096864895262,0.7525863325076497,0.9003477997882958,0.42443413468297486,0.7110593035115839,0.8823529411764706,0.4637986784760298,0.7550633833600466,0.9139573567216089
128,"/max_iter=100,std_len=5,init_mask_prob=0,temperature=0.1,sample=True,top_k=0",Parallel-1,0.049,0.005,0.059000000000000004,0.003,0.4776561112755253,0.7186539643515673,0.8720038350910834,0.39375554897898785,0.6833128457283344,0.8609779482262704,0.42852915063628294,0.7255685310387215,0.8918184723553851
129,"/max_iter=100,std_len=5,init_mask_prob=0,temperature=0.1,sample=True,top_k=100",Parallel-1,0.049,0.004,0.061,0.006,0.4910021718895439,0.7375726275016139,0.8779011099899092,0.39807632640397145,0.69609425435765,0.8588967373023881,0.448029785913745,0.737895416397676,0.8925327951564077
130,"/max_iter=100,std_len=5,init_mask_prob=0,temperature=1,sample=False,top_k=0",Parallel-1,0.046,0.008,0.057999999999999996,0.005,0.47366795366795367,0.7240160642570281,0.8651046025104603,0.4024710424710425,0.6870682730923695,0.8527196652719665,0.4373745173745174,0.7273895582329317,0.8836820083682009
131,"/max_iter=100,std_len=5,init_mask_prob=0,temperature=1,sample=True,top_k=0",Parallel-1,0.026000000000000002,0.002,0.028999999999999998,0.002,0.7992685900040634,0.9478480302817889,0.985180880430045,0.6999864553704456,0.915603532875368,0.9758826093273282,0.7349315996207504,0.9363521659890649,0.985180880430045
132,"/max_iter=100,std_len=5,init_mask_prob=0,temperature=1,sample=True,top_k=100",Parallel-1,0.037000000000000005,0.003,0.045,0.006,0.6635210852255972,0.8796693202694428,0.9652976758993951,0.5439398407549395,0.8314451928965095,0.9476281439032156,0.5931878501916839,0.8674219228413962,0.9683221903852276
133,"/max_iter=100,std_len=5,init_mask_prob=0,temperature=10,sample=False,top_k=0",Parallel-1,0.051,0.002,0.062,0.004,0.48283499446290146,0.7394169000164718,0.8854148771688714,0.3893371302009176,0.6992258277054851,0.8685792819103247,0.4371143806359753,0.7422170976774831,0.9024222642157704
134,"/max_iter=100,std_len=5,init_mask_prob=0,temperature=10,sample=True,top_k=0",Parallel-1,0.009000000000000001,0.0,0.009000000000000001,0.0,0.9487910725356479,0.9920665387076135,0.998678122934567,0.9197768133911965,0.9895073576455534,0.9985459352280238,0.9321760694358339,0.9921944977607166,0.9985459352280238
135,"/max_iter=100,std_len=5,init_mask_prob=0,temperature=10,sample=True,top_k=100",Parallel-1,0.019,0.001,0.022000000000000002,0.001,0.809330893883952,0.9533909754120508,0.9864373601789709,0.73170412963931,0.9373142393947582,0.9821029082774049,0.7669890224777836,0.9519048905701162,0.9875559284116331
136,"/max_iter=100,std_len=5,init_mask_prob=1,temperature=0.1,sample=False,top_k=0",Parallel-1,0.10099999999999999,0.083,0.076,0.028999999999999998,0.0,0.0,0.0,0.02508038585209003,0.050501672240802674,0.06968641114982578,0.027170418006430868,0.05434782608695652,0.0740418118466899
137,"/max_iter=100,std_len=5,init_mask_prob=1,temperature=0.1,sample=True,top_k=0",Parallel-1,0.10300000000000001,0.035,0.062,0.012,0.11024793388429752,0.24255465656739542,0.3804991919554678,0.11867768595041323,0.31055259080736786,0.4844675884359849,0.13553719008264462,0.3296608710621449,0.5002693481774106
138,"/max_iter=100,std_len=5,init_mask_prob=1,temperature=0.1,sample=True,top_k=100",Parallel-1,0.099,0.048,0.066,0.004,0.13786136151694126,0.292891760904685,0.44638655462184873,0.14780851725209823,0.3589660743134087,0.5349579831932774,0.16428349393845199,0.3775444264943457,0.5519327731092437
139,"/max_iter=100,std_len=5,init_mask_prob=1,temperature=1,sample=False,top_k=0",Parallel-1,0.146,0.07,0.069,0.021,0.0,0.0,0.0,0.01171003717472119,0.030485436893203884,0.04796747967479675,0.011152416356877323,0.03223300970873787,0.05060975609756098
140,"/max_iter=100,std_len=5,init_mask_prob=1,temperature=1,sample=True,top_k=0",Parallel-1,0.052000000000000005,0.005,0.052000000000000005,0.006,0.7102357911953114,0.9212642867221673,0.9833260201842914,0.595747580755077,0.8785099477917313,0.9686997221003364,0.6247785198309936,0.9051784958374488,0.9828872312417727
141,"/max_iter=100,std_len=5,init_mask_prob=1,temperature=1,sample=True,top_k=100",Parallel-1,0.075,0.003,0.065,0.006,0.5839727195225917,0.8680217999705406,0.9616207951070337,0.4990053992611537,0.8441596700544999,0.9590214067278288,0.5180448991190679,0.8575637059949919,0.9695718654434251
142,"/max_iter=100,std_len=5,init_mask_prob=1,temperature=10,sample=False,top_k=0",Parallel-1,0.182,0.11900000000000001,0.047,0.006999999999999999,0.0,0.0,0.0,0.022408026755852843,0.050956521739130435,0.06690777576853527,0.022408026755852843,0.050782608695652175,0.06817359855334539
143,"/max_iter=100,std_len=5,init_mask_prob=1,temperature=10,sample=True,top_k=0",Parallel-1,0.009000000000000001,0.0,0.01,0.0,0.9553705472908421,0.9936413734633319,0.9988281822176651,0.922478504162686,0.9896848947294051,0.9988281822176651,0.9353077657977344,0.993217465027554,0.9988281822176651
144,"/max_iter=100,std_len=0,init_mask_prob=0,temperature=0.1,sample=False,top_k=0",Parallel-015,0.048,0.004,0.059000000000000004,0.008,0.45797233622131023,0.702638647495655,0.8603388715249218,0.3722450220398237,0.6599778796018329,0.8412567856555354,0.4170846633226934,0.7089587612577026,0.8795854581345616
145,"/max_iter=100,std_len=0,init_mask_prob=0,temperature=0.1,sample=True,top_k=0",Parallel-015,0.051,0.005,0.061,0.006999999999999999,0.4896191187453323,0.739177657098526,0.8839386602098467,0.40253920836445106,0.6972847168347556,0.8668280871670703,0.44017923823749067,0.739022498060512,0.8981436642453592
146,"/max_iter=100,std_len=0,init_mask_prob=0,temperature=0.1,sample=True,top_k=100",Parallel-015,0.052000000000000005,0.006,0.065,0.002,0.4804096170970614,0.7381319358816276,0.8842577749278615,0.3910655981003265,0.6908138101109741,0.868868226995832,0.43455031166518254,0.7395191122071517,0.9001282462327669
147,"/max_iter=100,std_len=0,init_mask_prob=0,temperature=1,sample=False,top_k=0",Parallel-015,0.048,0.003,0.061,0.005,0.4694372819657212,0.7220558095538389,0.8770720498933202,0.38722887911421205,0.6861106731830364,0.8645987198424422,0.42969816472015776,0.7316727100740974,0.8952896766781553
148,"/max_iter=100,std_len=0,init_mask_prob=0,temperature=1,sample=True,top_k=0",Parallel-015,0.027000000000000003,0.001,0.027999999999999997,0.002,0.787766323024055,0.9456227758007117,0.9870110701107011,0.6826116838487972,0.9145907473309609,0.9762361623616236,0.7234364261168384,0.9346619217081851,0.9865682656826569
149,"/max_iter=100,std_len=0,init_mask_prob=0,temperature=1,sample=True,top_k=100",Parallel-015,0.038,0.006,0.044000000000000004,0.002,0.637539522851394,0.866577221228384,0.9554041498916073,0.5280252946248922,0.8191711389385808,0.9382161659956643,0.5691290600747341,0.8549493142516398,0.9606689377516259
150,"/max_iter=100,std_len=0,init_mask_prob=0,temperature=10,sample=False,top_k=0",Parallel-015,0.049,0.005,0.063,0.008,0.46762696762696765,0.7208513263417643,0.8721527109400065,0.3820908820908821,0.6816779765576805,0.8601219120949631,0.42381942381942384,0.7282541640962369,0.8922040423484119
151,"/max_iter=100,std_len=0,init_mask_prob=0,temperature=10,sample=True,top_k=0",Parallel-015,0.009000000000000001,0.0,0.01,0.0,0.948737184296074,0.9943211151264842,0.9985329421178981,0.9198549637409352,0.9917398038203408,0.9982662043211523,0.9333583395848962,0.9931595250387196,0.998666311016271
152,"/max_iter=100,std_len=0,init_mask_prob=0,temperature=10,sample=True,top_k=100",Parallel-015,0.02,0.001,0.021,0.001,0.824785212184327,0.9689181916038752,0.9949874686716792,0.7547513668315543,0.9507534983853606,0.9892787524366472,0.7788336370736787,0.9635360602798708,0.994848231690337
153,"/max_iter=100,std_len=0,init_mask_prob=1,temperature=0.1,sample=False,top_k=0",Parallel-015,0.10400000000000001,0.051,0.066,0.036000000000000004,0.0,0.0,0.0,0.015861027190332326,0.03956043956043956,0.055301794453507344,0.017522658610271902,0.04144427001569859,0.057585644371941275
154,"/max_iter=100,std_len=0,init_mask_prob=1,temperature=0.1,sample=True,top_k=0",Parallel-015,0.129,0.045,0.055,0.005,0.1285329744279946,0.2659537166900421,0.39784356725146197,0.13913189771197845,0.33046984572230015,0.48081140350877194,0.14518842530282638,0.3420406732117812,0.4956140350877193
155,"/max_iter=100,std_len=0,init_mask_prob=1,temperature=0.1,sample=True,top_k=100",Parallel-015,0.11800000000000001,0.055999999999999994,0.063,0.008,0.1321656050955414,0.2691288506127857,0.41784361005856013,0.1428343949044586,0.345975488572375,0.5237685153289701,0.14984076433121019,0.3585624378933422,0.537030657940062
156,"/max_iter=100,std_len=0,init_mask_prob=1,temperature=1,sample=False,top_k=0",Parallel-015,0.17,0.149,0.065,0.013000000000000001,0.0,0.0,0.0,0.013961605584642234,0.039201451905626135,0.05954631379962193,0.013612565445026177,0.040290381125226864,0.06200378071833648
157,"/max_iter=100,std_len=0,init_mask_prob=1,temperature=1,sample=True,top_k=0",Parallel-015,0.05,0.005,0.052000000000000005,0.004,0.7113344500279174,0.9272490598785074,0.9827430972388955,0.5878001116694584,0.8835695689904541,0.9695378151260504,0.623534338358459,0.9078680937228811,0.9834933973589436
158,"/max_iter=100,std_len=0,init_mask_prob=1,temperature=1,sample=True,top_k=100",Parallel-015,0.075,0.006999999999999999,0.067,0.005,0.5675154852030282,0.8674269422665716,0.9658536585365853,0.47598072952512044,0.8270848182466144,0.9565410199556541,0.4930488644184446,0.8454739843193158,0.9717664449371767
159,"/max_iter=100,std_len=0,init_mask_prob=1,temperature=10,sample=False,top_k=0",Parallel-015,0.11800000000000001,0.09699999999999999,0.08,0.024,0.0,0.0,0.0,0.014814814814814815,0.03990384615384615,0.059666666666666666,0.017592592592592594,0.04358974358974359,0.06466666666666666
160,"/max_iter=100,std_len=0,init_mask_prob=1,temperature=10,sample=True,top_k=0",Parallel-015,0.009000000000000001,0.0,0.01,0.0,0.9469135802469136,0.9920454545454546,0.9985272459499264,0.9159122085048012,0.9890625,0.9982326951399116,0.9314128943758574,0.9914772727272727,0.998379970544919
161,"/max_iter=100,std_len=0,init_mask_prob=1,temperature=10,sample=True,top_k=100",Parallel-015,0.03,0.001,0.028999999999999998,0.001,0.87555720653789,0.9947610529005878,0.9993400211193242,0.7793462109955424,0.9776386404293381,0.997492080253432,0.7753838533927687,0.9846664962944033,0.9990760295670539
162,"/max_iter=100,std_len=5,init_mask_prob=0,temperature=0.1,sample=False,top_k=0",Parallel-015,0.051,0.006999999999999999,0.061,0.002,0.4731893638901131,0.7274668293426872,0.868558744252418,0.3947407080946085,0.6922373036449596,0.8596797209449818,0.4371970030850595,0.7318895836510599,0.8885365466941494
163,"/max_iter=100,std_len=5,init_mask_prob=0,temperature=0.1,sample=True,top_k=0",Parallel-015,0.047,0.003,0.057,0.006,0.47079856972586415,0.7257814917982048,0.8699291693496458,0.3933253873659118,0.687867533271433,0.8565679330328396,0.4325089392133492,0.7274837511606314,0.8873148744365744
164,"/max_iter=100,std_len=5,init_mask_prob=0,temperature=0.1,sample=True,top_k=100",Parallel-015,0.046,0.004,0.057999999999999996,0.005,0.4860896445131376,0.735209003215434,0.8737018425460636,0.40386398763523956,0.6913183279742765,0.8609715242881072,0.4482225656877898,0.7344051446945338,0.8904522613065327
165,"/max_iter=100,std_len=5,init_mask_prob=0,temperature=1,sample=False,top_k=0",Parallel-015,0.048,0.001,0.06,0.002,0.471068137180843,0.718794159208667,0.862232390913548,0.3947726242634839,0.6855079290312451,0.8517731655499264,0.4269527118900136,0.7197362223268959,0.8792286321294329
166,"/max_iter=100,std_len=5,init_mask_prob=0,temperature=1,sample=True,top_k=0",Parallel-015,0.026000000000000002,0.002,0.03,0.003,0.7798279689234184,0.9403564242598448,0.9864341085271318,0.6841009988901221,0.9083069847657372,0.9765951103160405,0.7221143174250833,0.9310146593848807,0.9858378056052475
167,"/max_iter=100,std_len=5,init_mask_prob=0,temperature=1,sample=True,top_k=100",Parallel-015,0.037000000000000005,0.005,0.040999999999999995,0.003,0.6599660249150623,0.8717346639272087,0.9573430834856794,0.5464326160815403,0.8287349574405636,0.9399756246191346,0.5911664779161948,0.8594071030231876,0.9616087751371115
168,"/max_iter=100,std_len=5,init_mask_prob=0,temperature=10,sample=False,top_k=0",Parallel-015,0.049,0.006,0.055999999999999994,0.004,0.48784747489448405,0.7355384383023712,0.8774132789201068,0.40765536312036094,0.7015556562452802,0.868623450007848,0.44331247271139573,0.7381060262800181,0.8937372469000157
169,"/max_iter=100,std_len=5,init_mask_prob=0,temperature=10,sample=True,top_k=0",Parallel-015,0.009000000000000001,0.0,0.01,0.0,0.9483491745872936,0.9927704621740253,0.9986659551760939,0.9169584792396198,0.9904466821585335,0.9983991462113126,0.9330915457728864,0.9923831655047767,0.9986659551760939
170,"/max_iter=100,std_len=5,init_mask_prob=0,temperature=10,sample=True,top_k=100",Parallel-015,0.021,0.001,0.022000000000000002,0.002,0.8232364028002154,0.9643354694901086,0.9916281755196305,0.7397684437264405,0.943856227361382,0.983689376443418,0.7669628432956381,0.9576483700195041,0.9916281755196305
171,"/max_iter=100,std_len=5,init_mask_prob=1,temperature=0.1,sample=False,top_k=0",Parallel-015,0.098,0.053,0.059000000000000004,0.017,0.0,0.0,0.0,0.020299500831946756,0.043327556325823226,0.06256781193490055,0.02113144758735441,0.046273830155979204,0.06690777576853527
172,"/max_iter=100,std_len=5,init_mask_prob=1,temperature=0.1,sample=True,top_k=0",Parallel-015,0.139,0.062,0.065,0.012,0.1394513389941215,0.2753524715474775,0.4085603112840467,0.14696276943174397,0.34958382877526756,0.5130880792359391,0.1518615284128021,0.364192288092407,0.5290060134418111
173,"/max_iter=100,std_len=5,init_mask_prob=1,temperature=0.1,sample=True,top_k=100",Parallel-015,0.075,0.034,0.069,0.012,0.09705317104420244,0.20363575717144763,0.33327535223517135,0.10906470211402947,0.2780186791194129,0.4383371021047139,0.12187700192184497,0.29853235490326885,0.46094973038789355
174,"/max_iter=100,std_len=5,init_mask_prob=1,temperature=1,sample=False,top_k=0",Parallel-015,0.098,0.07,0.066,0.013999999999999999,0.0,0.0,0.0,0.024793388429752067,0.05301204819277108,0.0725314183123878,0.029586776859504133,0.05748709122203098,0.07648114901256732
175,"/max_iter=100,std_len=5,init_mask_prob=1,temperature=1,sample=True,top_k=0",Parallel-015,0.052000000000000005,0.003,0.054000000000000006,0.002,0.7168409466153,0.932459390139641,0.9864066193853428,0.597138139790864,0.8927044742091764,0.9747340425531915,0.6286461199779857,0.9119407238529496,0.9864066193853428
176,"/max_iter=100,std_len=5,init_mask_prob=1,temperature=1,sample=True,top_k=100",Parallel-015,0.07400000000000001,0.008,0.069,0.004,0.5691489361702128,0.869741804467653,0.9680915111378687,0.4830627099664054,0.8381201044386423,0.9566526189042746,0.4941209406494961,0.8559617058311575,0.9723058398555088
177,"/max_iter=100,std_len=5,init_mask_prob=1,temperature=10,sample=False,top_k=0",Parallel-015,0.114,0.066,0.05,0.022000000000000002,0.0,0.0,0.0,0.023954983922829583,0.050501672240802674,0.06881533101045297,0.02347266881028939,0.05234113712374582,0.07003484320557492
178,"/max_iter=100,std_len=5,init_mask_prob=1,temperature=10,sample=True,top_k=0",Parallel-015,0.009000000000000001,0.0,0.01,0.0,0.9549661555463462,0.9932751466590356,0.9988128802492952,0.9222268269097942,0.9905565889254543,0.9988128802492952,0.9338306395911038,0.9925597367291458,0.9988128802492952
179,"/max_iter=100,std_len=5,init_mask_prob=1,temperature=10,sample=True,top_k=100",Parallel-015,0.03,0.0,0.028999999999999998,0.001,0.8696726374305127,0.9919694072657744,0.9997366688610928,0.7798641136504015,0.9747609942638623,0.9961816984858459,0.772699197035207,0.981389420012747,0.9992100065832785
180,"/max_iter=500,std_len=0,init_mask_prob=0,temperature=0.1,sample=False,top_k=0",Parallel-015,0.052000000000000005,0.003,0.069,0.005,0.4030140256639809,0.6652200867947923,0.8281199613028055,0.3255744553864518,0.6365468071915685,0.8294098677845856,0.38406445837063563,0.689398636081835,0.8652047726539825
181,"/max_iter=500,std_len=0,init_mask_prob=0,temperature=0.1,sample=True,top_k=0",Parallel-015,0.054000000000000006,0.005,0.071,0.006,0.3991071428571429,0.6542503863987635,0.8155948553054663,0.3238095238095238,0.6310664605873261,0.8204180064308682,0.3738095238095238,0.6833075734157651,0.8577170418006431
182,"/max_iter=500,std_len=0,init_mask_prob=0,temperature=0.1,sample=True,top_k=100",Parallel-015,0.053,0.006,0.075,0.006,0.39243965386367086,0.650307716585135,0.8160013142763266,0.3147107939881585,0.6233233391194571,0.8187941514703466,0.361317747077577,0.6758718636578823,0.8549367504517825
183,"/max_iter=500,std_len=0,init_mask_prob=0,temperature=1,sample=False,top_k=0",Parallel-015,0.06,0.006999999999999999,0.07400000000000001,0.006,0.42767389678384443,0.6901320901320901,0.8488278092158448,0.33418100224382946,0.6470862470862471,0.83589329021827,0.3841436050860135,0.6994560994560994,0.8763136620856912
184,"/max_iter=500,std_len=0,init_mask_prob=0,temperature=1,sample=True,top_k=0",Parallel-015,0.048,0.004,0.062,0.002,0.6452384301589534,0.8725761772853186,0.9599031623543652,0.5086510057673371,0.8094474413179764,0.9344832803752459,0.5661837107891405,0.8571220294503572,0.9633832652443638
185,"/max_iter=500,std_len=0,init_mask_prob=0,temperature=1,sample=True,top_k=100",Parallel-015,0.052000000000000005,0.005,0.068,0.006,0.5937719175199888,0.8475069050734119,0.9547443053250867,0.4628980221629962,0.7864515191161506,0.9263840699954744,0.5247580305793239,0.8345689780491351,0.9567053854276664
186,"/max_iter=500,std_len=0,init_mask_prob=0,temperature=10,sample=False,top_k=0",Parallel-015,0.057,0.004,0.069,0.004,0.3955781296683597,0.6550279329608939,0.8222473361317404,0.31968927397669555,0.6297330850403476,0.8238618017436229,0.36570062742754705,0.675667287399131,0.8571197933484017
187,"/max_iter=500,std_len=0,init_mask_prob=0,temperature=10,sample=True,top_k=0",Parallel-015,0.009000000000000001,0.0,0.01,0.0,0.9437185929648241,0.9913099870298314,0.9974530831099195,0.9064070351758794,0.9879377431906615,0.9973190348525469,0.9277638190954773,0.9913099870298314,0.9974530831099195
188,"/max_iter=500,std_len=0,init_mask_prob=0,temperature=10,sample=True,top_k=100",Parallel-015,0.023,0.002,0.023,0.002,0.7981226864093073,0.9447634673229423,0.986268403171008,0.7121893178212586,0.9260322668854252,0.9774915062287656,0.7349286092014807,0.938884331419196,0.9868346545866364
189,"/max_iter=500,std_len=0,init_mask_prob=1,temperature=0.1,sample=False,top_k=0",Parallel-015,0.18100000000000002,0.064,0.05,0.017,0.0,0.0,0.0,0.010465116279069767,0.0287856071964018,0.04303405572755418,0.012209302325581395,0.03088455772113943,0.045356037151702784
190,"/max_iter=500,std_len=0,init_mask_prob=1,temperature=0.1,sample=True,top_k=0",Parallel-015,0.138,0.053,0.053,0.003,0.11856658309983778,0.23076923076923078,0.3421884882985452,0.12579265595044978,0.3017399267399267,0.4441808981657179,0.13272378705205723,0.3118131868131868,0.45493358633776093
191,"/max_iter=500,std_len=0,init_mask_prob=1,temperature=0.1,sample=True,top_k=100",Parallel-015,0.114,0.077,0.053,0.004,0.12749244712990937,0.24776820673453406,0.36666666666666664,0.13549848942598186,0.31464369616288174,0.4604878048780488,0.14425981873111782,0.329992169146437,0.4769105691056911
192,"/max_iter=500,std_len=0,init_mask_prob=1,temperature=1,sample=False,top_k=0",Parallel-015,0.155,0.07400000000000001,0.079,0.03,0.0,0.0,0.0,0.019167904903417535,0.043010752688172046,0.06327503974562798,0.022734026745913818,0.04869431643625192,0.0670906200317965
193,"/max_iter=500,std_len=0,init_mask_prob=1,temperature=1,sample=True,top_k=0",Parallel-015,0.068,0.002,0.07400000000000001,0.004,0.6452194054819199,0.8937641271107566,0.9788199697428139,0.5063698365718697,0.8369897619997341,0.9588777334616971,0.5425299189293528,0.860656827549528,0.9771695777747215
194,"/max_iter=500,std_len=0,init_mask_prob=1,temperature=1,sample=True,top_k=100",Parallel-015,0.081,0.011000000000000001,0.071,0.002,0.5523593237446379,0.8496612819176654,0.9489631026124428,0.46833207166288165,0.8210005211047421,0.9478858066253704,0.4827151148120111,0.8340281396560709,0.956638836520334
195,"/max_iter=500,std_len=0,init_mask_prob=1,temperature=10,sample=False,top_k=0",Parallel-015,0.078,0.039,0.05,0.015,0.0,0.0,0.0,0.014361702127659574,0.039202200825309494,0.05783475783475783,0.015159574468085106,0.0405777166437414,0.05997150997150997
196,"/max_iter=500,std_len=0,init_mask_prob=1,temperature=10,sample=True,top_k=0",Parallel-015,0.009000000000000001,0.0,0.01,0.0,0.9519819932474678,0.9932877242803666,0.9981325863678805,0.9157183943978993,0.9896734219697948,0.9979991996798719,0.9366012254595474,0.9923841487027236,0.9981325863678805
197,"/max_iter=500,std_len=0,init_mask_prob=1,temperature=10,sample=True,top_k=100",Parallel-015,0.027999999999999997,0.002,0.026000000000000002,0.002,0.8430211909553688,0.9853604977430768,0.9984899962249906,0.7609802296673375,0.9652311821398073,0.994463319491632,0.758967680833432,0.9736488959375381,0.9972316597458161
198,"/max_iter=500,std_len=5,init_mask_prob=0,temperature=0.1,sample=False,top_k=0",Parallel-015,0.059000000000000004,0.005,0.075,0.005,0.3907586993725043,0.6496598639455783,0.8148034398034398,0.317313177410154,0.6268855368234251,0.8220208845208845,0.35909868796349115,0.6748003549245786,0.8558046683046683
199,"/max_iter=500,std_len=5,init_mask_prob=0,temperature=0.1,sample=True,top_k=0",Parallel-015,0.055999999999999994,0.006,0.07200000000000001,0.004,0.4097949550081133,0.6748353499770255,0.8351648351648352,0.32453164183507893,0.6399142288252412,0.8346870520783565,0.3854550818704824,0.6927553989891254,0.8679726071030419
200,"/max_iter=500,std_len=5,init_mask_prob=0,temperature=0.1,sample=True,top_k=100",Parallel-015,0.054000000000000006,0.005,0.07,0.009000000000000001,0.41714614499424624,0.6672635034318114,0.8223806571605704,0.34177215189873417,0.6477170993733214,0.8326100433973962,0.3859321058688147,0.6947179946284691,0.8665530068195908
201,"/max_iter=500,std_len=5,init_mask_prob=0,temperature=1,sample=False,top_k=0",Parallel-015,0.055999999999999994,0.004,0.07400000000000001,0.002,0.42199203187250994,0.693941908713693,0.8536796536796537,0.339601593625498,0.6627385892116182,0.85004329004329,0.3947410358565737,0.7108713692946058,0.8831168831168831
202,"/max_iter=500,std_len=5,init_mask_prob=0,temperature=1,sample=True,top_k=0",Parallel-015,0.042,0.005,0.048,0.006,0.6380385094888489,0.8750179365762664,0.963089745497842,0.5162764925890012,0.8219256708279523,0.9400208364339931,0.5701620723091841,0.8603816903429473,0.9648757255543979
203,"/max_iter=500,std_len=5,init_mask_prob=0,temperature=1,sample=True,top_k=100",Parallel-015,0.052000000000000005,0.006999999999999999,0.064,0.006999999999999999,0.6048387096774194,0.8470319634703196,0.9427215189873418,0.47302052785923754,0.7910197869101979,0.9194620253164557,0.5340175953079179,0.8350076103500761,0.9518987341772152
204,"/max_iter=500,std_len=5,init_mask_prob=0,temperature=10,sample=False,top_k=0",Parallel-015,0.055999999999999994,0.004,0.08,0.003,0.41131426785435227,0.6617336152219874,0.8214951686726564,0.32192530082825443,0.6266059521873475,0.8196304458382777,0.37740271917487106,0.6859651975931046,0.857602983556535
205,"/max_iter=500,std_len=5,init_mask_prob=0,temperature=10,sample=True,top_k=0",Parallel-015,0.009000000000000001,0.001,0.01,0.0,0.9463524692905491,0.9918478260869565,0.9989301952393688,0.911631987966909,0.9886128364389234,0.9986627440492111,0.931937829029832,0.9908126293995859,0.9986627440492111
206,"/max_iter=500,std_len=5,init_mask_prob=0,temperature=10,sample=True,top_k=100",Parallel-015,0.022000000000000002,0.001,0.023,0.002,0.7970941883767535,0.9528057926040858,0.9886424371993586,0.720566132264529,0.9339281096457202,0.9810261892036344,0.750250501002004,0.9454357382984225,0.9882415820416889
207,"/max_iter=500,std_len=5,init_mask_prob=1,temperature=0.1,sample=False,top_k=0",Parallel-015,0.084,0.033,0.071,0.021,0.0,0.0,0.0,0.025184094256259205,0.05312977099236641,0.0705229793977813,0.02606774668630339,0.05480916030534351,0.07321711568938194
208,"/max_iter=500,std_len=5,init_mask_prob=1,temperature=0.1,sample=True,top_k=0",Parallel-015,0.136,0.063,0.055,0.004,0.14007364222154034,0.2762676839930059,0.4109498680738786,0.15756366983737344,0.3563821332061675,0.5158311345646438,0.1782755446455968,0.3808615482435225,0.5354551451187335
209,"/max_iter=500,std_len=5,init_mask_prob=1,temperature=0.1,sample=True,top_k=100",Parallel-015,0.121,0.021,0.054000000000000006,0.011000000000000001,0.1224521309450278,0.2530429212043562,0.37508316699933464,0.1326436071649166,0.32671364509929535,0.47471723220226214,0.1483940704138357,0.3427290198590647,0.49051896207584833
210,"/max_iter=500,std_len=5,init_mask_prob=1,temperature=1,sample=False,top_k=0",Parallel-015,0.066,0.016,0.057999999999999996,0.026000000000000002,0.0,0.0,0.0,0.018454258675078865,0.04114754098360656,0.0568259385665529,0.019873817034700314,0.04114754098360656,0.05870307167235495
211,"/max_iter=500,std_len=5,init_mask_prob=1,temperature=1,sample=True,top_k=0",Parallel-015,0.063,0.006,0.073,0.002,0.6468339915912855,0.906171864719042,0.9789086950605524,0.5261816791948019,0.8498486642979339,0.9627160157844604,0.5691170849789782,0.8870904066324516,0.981221934957137
212,"/max_iter=500,std_len=5,init_mask_prob=1,temperature=1,sample=True,top_k=100",Parallel-015,0.081,0.009000000000000001,0.07200000000000001,0.005,0.5485625485625486,0.8308351177730193,0.9347826086956522,0.47474747474747475,0.8125,0.9360288008861811,0.48264698264698264,0.8194593147751607,0.9476599279977845
213,"/max_iter=500,std_len=5,init_mask_prob=1,temperature=10,sample=False,top_k=0",Parallel-015,0.159,0.124,0.062,0.027999999999999997,0.0,0.0,0.0,0.019005847953216373,0.044259818731117825,0.06171875,0.021637426900584796,0.04848942598187311,0.0653125
214,"/max_iter=500,std_len=5,init_mask_prob=1,temperature=10,sample=True,top_k=0",Parallel-015,0.008,0.0,0.009000000000000001,0.0,0.9423076923076923,0.99251026818072,0.9991280518186347,0.9139305816135085,0.9890070065233149,0.9987543597409069,0.9269465290806754,0.9917854554240154,0.9991280518186347
215,"/max_iter=500,std_len=5,init_mask_prob=1,temperature=10,sample=True,top_k=100",Parallel-015,0.027999999999999997,0.002,0.027000000000000003,0.002,0.8396497961141761,0.9833086053412463,0.9987241643276346,0.7621731830175102,0.9676063303659743,0.995024240877775,0.7481410410170305,0.9711918892185954,0.9975759122225057
216,"/max_iter=100,std_len=0,init_mask_prob=0,temperature=0.1,sample=False,top_k=0",sequential,0.067,0.003,0.077,0.008,0.31626210186614284,0.5692889341282537,0.7510185604345858,0.28791918058088956,0.58135815035626,0.7789346612343443,0.3057387400028062,0.6102951868547332,0.8053417836124943
217,"/max_iter=100,std_len=0,init_mask_prob=0,temperature=0.1,sample=True,top_k=0",sequential,0.065,0.004,0.069,0.006999999999999999,0.3078571428571429,0.5600651755295512,0.7431559520147647,0.2827142857142857,0.5821359798548363,0.7820670562903722,0.2967142857142857,0.6028736483483929,0.8028298984927714
218,"/max_iter=100,std_len=0,init_mask_prob=0,temperature=0.1,sample=True,top_k=100",sequential,0.057999999999999996,0.004,0.068,0.003,0.3114846729764091,0.5617220676526578,0.752545979632163,0.28040683712388753,0.5813442670962073,0.7876576987384101,0.30639920892781464,0.6096060916678869,0.807873537011704
219,"/max_iter=100,std_len=0,init_mask_prob=0,temperature=1,sample=False,top_k=0",sequential,0.064,0.004,0.071,0.004,0.3008325102299986,0.5598946906537955,0.7516320024290268,0.2757160999012276,0.585051923358198,0.7891301047517838,0.29843375194017213,0.6109404709667983,0.8112949749506604
220,"/max_iter=100,std_len=0,init_mask_prob=0,temperature=1,sample=True,top_k=0",sequential,0.033,0.002,0.039,0.003,0.6912857142857143,0.8942222222222223,0.9675384615384616,0.5914285714285714,0.8508148148148148,0.9504615384615385,0.6272857142857143,0.8792592592592593,0.9696923076923077
221,"/max_iter=100,std_len=0,init_mask_prob=0,temperature=1,sample=True,top_k=100",sequential,0.053,0.004,0.059000000000000004,0.003,0.567244050133784,0.8416289592760181,0.9469777306468717,0.4614842979861991,0.7917092395270764,0.9313740342372367,0.49809885931558934,0.8265946577142023,0.9522799575821845
222,"/max_iter=100,std_len=0,init_mask_prob=0,temperature=10,sample=False,top_k=0",sequential,0.064,0.005,0.071,0.006999999999999999,0.30883167220376523,0.55233725265271,0.7375074360499703,0.2761627906976744,0.5725552050473186,0.77558001189768,0.3019102990033223,0.596931459707485,0.7956573468173707
223,"/max_iter=100,std_len=0,init_mask_prob=0,temperature=10,sample=True,top_k=0",sequential,0.009000000000000001,0.0,0.01,0.0,0.9471183897987249,0.9931604077945542,0.9990665422056274,0.9156144518064758,0.9898051361465996,0.9986664888651821,0.9316164520565071,0.9925151632468706,0.9990665422056274
224,"/max_iter=100,std_len=0,init_mask_prob=0,temperature=10,sample=True,top_k=100",sequential,0.022000000000000002,0.001,0.023,0.0,0.7814829876643622,0.9469622562087835,0.9870583103097281,0.7009624508607836,0.9232496141433983,0.9794968736367602,0.7246848312322082,0.9405079275992704,0.9870583103097281
225,"/max_iter=100,std_len=0,init_mask_prob=1,temperature=0.1,sample=False,top_k=0",sequential,0.02,0.0,0.122,0.0,0.0,0.0,0.0,0.00038095238095238096,0.0014,0.002105263157894737,0.0007619047619047619,0.0016,0.002105263157894737
226,"/max_iter=100,std_len=0,init_mask_prob=1,temperature=0.1,sample=True,top_k=0",sequential,0.163,0.024,0.057,0.003,0.0082855321861058,0.013686336100516042,0.02067981934870454,0.014234119396643298,0.034776755665245684,0.05633468029474685,0.017420862545145528,0.03836661431456136,0.05823627287853577
227,"/max_iter=100,std_len=0,init_mask_prob=1,temperature=0.1,sample=True,top_k=100",sequential,0.14400000000000002,0.009000000000000001,0.055999999999999994,0.005,0.011650074136835416,0.02147170655334377,0.033641317223406776,0.01885193814869731,0.047864012525162154,0.07604832977967306,0.021817411565346324,0.05121896667412212,0.07746979388770434
228,"/max_iter=100,std_len=0,init_mask_prob=1,temperature=1,sample=False,top_k=0",sequential,0.02,0.0,0.122,0.0,0.0,0.0,0.0,0.00038095238095238096,0.0014,0.002105263157894737,0.0007619047619047619,0.0016,0.002105263157894737
229,"/max_iter=100,std_len=0,init_mask_prob=1,temperature=1,sample=True,top_k=0",sequential,0.064,0.01,0.048,0.004,0.5962892741061755,0.8324922904401458,0.9109529343404997,0.5139490790899242,0.8065601345668629,0.9142940151074956,0.5343986998916577,0.8281469021586768,0.9248983149331784
230,"/max_iter=100,std_len=0,init_mask_prob=1,temperature=1,sample=True,top_k=100",sequential,0.11900000000000001,0.018000000000000002,0.054000000000000006,0.005,0.389687235841082,0.6322543015456401,0.7460725075528701,0.33572837418991264,0.6466899970836979,0.7794561933534743,0.3395322626091857,0.6501895596383785,0.7880664652567976
231,"/max_iter=100,std_len=0,init_mask_prob=1,temperature=10,sample=False,top_k=0",sequential,0.02,0.0,0.122,0.0,0.0,0.0,0.0,0.00038095238095238096,0.0014,0.002105263157894737,0.0007619047619047619,0.0016,0.002105263157894737
232,"/max_iter=100,std_len=0,init_mask_prob=1,temperature=10,sample=True,top_k=0",sequential,0.009000000000000001,0.0,0.01,0.0,0.9495671810312383,0.9935241549022147,0.9986614910989158,0.9210889474344499,0.9902862323533221,0.9985276402088074,0.9347635177518504,0.9930060872943919,0.9986614910989158
233,"/max_iter=100,std_len=0,init_mask_prob=1,temperature=10,sample=True,top_k=100",sequential,0.028999999999999998,0.001,0.027999999999999997,0.001,0.8537956888472352,0.9880521361332368,0.998755599800896,0.7719072164948454,0.9693458846246681,0.9963912394225983,0.7767104029990628,0.9755008447984552,0.9982578397212544
234,"/max_iter=100,std_len=5,init_mask_prob=0,temperature=0.1,sample=False,top_k=0",sequential,0.063,0.001,0.07,0.01,0.3096973094170404,0.5527156549520766,0.7353827606992164,0.2837724215246637,0.5787104269532385,0.7787823990355636,0.304512331838565,0.6010746442056346,0.7986738999397227
235,"/max_iter=100,std_len=5,init_mask_prob=0,temperature=0.1,sample=True,top_k=0",sequential,0.065,0.005,0.07400000000000001,0.006999999999999999,0.30439781546421385,0.5491949910554562,0.7357176033441709,0.2699051451566542,0.5624627310673822,0.7722557671466171,0.2992239149180799,0.5952593917710197,0.7970274036228518
236,"/max_iter=100,std_len=5,init_mask_prob=0,temperature=0.1,sample=True,top_k=100",sequential,0.062,0.006,0.078,0.013999999999999999,0.31532025785214646,0.5707996023292146,0.7691061699307907,0.28281442874777124,0.5889788382332055,0.8012074804888824,0.3050336030722809,0.6195142735406902,0.8255043439846856
237,"/max_iter=100,std_len=5,init_mask_prob=0,temperature=1,sample=False,top_k=0",sequential,0.062,0.008,0.07200000000000001,0.011000000000000001,0.3161081385525204,0.5551663747810858,0.7326567706755529,0.29188960856096874,0.5769118505545826,0.7724931838836716,0.3104759222754154,0.6024518388791593,0.7915783096031506
238,"/max_iter=100,std_len=5,init_mask_prob=0,temperature=1,sample=True,top_k=0",sequential,0.033,0.003,0.037000000000000005,0.004,0.7091605218377766,0.9088503381358424,0.9737484737484737,0.6059273964832672,0.8695971773007939,0.9598595848595849,0.647334089619966,0.8969420758600412,0.9748168498168498
239,"/max_iter=100,std_len=5,init_mask_prob=0,temperature=1,sample=True,top_k=100",sequential,0.048,0.002,0.053,0.003,0.5900725041829337,0.8537994799190985,0.9562350119904077,0.4892638036809816,0.8091592025426178,0.9388489208633094,0.524261015058561,0.8409419242993355,0.959832134292566
240,"/max_iter=100,std_len=5,init_mask_prob=0,temperature=10,sample=False,top_k=0",sequential,0.066,0.004,0.08,0.009000000000000001,0.315671117357695,0.5688273852876912,0.7576719576719577,0.28011243851018974,0.5852876911871814,0.7906273620559335,0.30302178496134924,0.6129643117261471,0.8166288737717309
241,"/max_iter=100,std_len=5,init_mask_prob=0,temperature=10,sample=True,top_k=0",sequential,0.008,0.0,0.009000000000000001,0.001,0.9526837021640787,0.9943246311010215,0.9988279723922385,0.9204059175938378,0.9910455290705007,0.998567521812736,0.9380119819048783,0.9935679152478244,0.9988279723922385
242,"/max_iter=100,std_len=5,init_mask_prob=0,temperature=10,sample=True,top_k=100",sequential,0.024,0.001,0.024,0.001,0.7930607187112764,0.9508056466562099,0.9902410173000148,0.7098994905686355,0.9312704976472266,0.9831435753363892,0.7305521134517418,0.9421075146157136,0.9884666568091084
243,"/max_iter=100,std_len=5,init_mask_prob=1,temperature=0.1,sample=False,top_k=0",sequential,0.102,0.046,0.057,0.021,0.0,0.0,0.0,0.0033422459893048127,0.009405255878284923,0.012893982808022923,0.003877005347593583,0.009543568464730291,0.013037249283667621
244,"/max_iter=100,std_len=5,init_mask_prob=1,temperature=0.1,sample=True,top_k=0",sequential,0.152,0.027000000000000003,0.049,0.006,0.020249221183800622,0.03256150506512301,0.04528230390299356,0.02544132917964694,0.06114327062228654,0.0907540735126942,0.027518172377985463,0.06367583212735166,0.09283819628647215
245,"/max_iter=100,std_len=5,init_mask_prob=1,temperature=0.1,sample=True,top_k=100",sequential,0.13,0.027000000000000003,0.053,0.004,0.019759036144578312,0.03414225941422594,0.05205240174672489,0.026184738955823295,0.06694560669456066,0.10183406113537118,0.02779116465863454,0.06828451882845188,0.10445414847161572
246,"/max_iter=100,std_len=5,init_mask_prob=1,temperature=1,sample=False,top_k=0",sequential,0.094,0.012,0.052000000000000005,0.015,0.0,0.0,0.0,0.002263083451202263,0.0063049853372434015,0.00898021308980213,0.0031117397454031117,0.00718475073313783,0.009436834094368341
247,"/max_iter=100,std_len=5,init_mask_prob=1,temperature=1,sample=True,top_k=0",sequential,0.069,0.015,0.045,0.003,0.6066582738844594,0.823674297305129,0.8963185574755823,0.5148971884179605,0.8019414662416691,0.8960180315552216,0.541474332074416,0.8186033033903216,0.9086401202103681
248,"/max_iter=100,std_len=5,init_mask_prob=1,temperature=1,sample=True,top_k=100",sequential,0.115,0.021,0.059000000000000004,0.01,0.378135949544499,0.6179628554846198,0.7487218045112782,0.32908199018920814,0.632617527568195,0.7852631578947369,0.33791170287316047,0.6517701683110854,0.8003007518796993
249,"/max_iter=100,std_len=5,init_mask_prob=1,temperature=10,sample=False,top_k=0",sequential,0.114,0.046,0.064,0.015,0.0,0.0,0.0,0.0043130990415335465,0.011148086522462563,0.01545138888888889,0.004952076677316294,0.011813643926788686,0.016145833333333335
250,"/max_iter=100,std_len=5,init_mask_prob=1,temperature=10,sample=True,top_k=0",sequential,0.009000000000000001,0.0,0.009000000000000001,0.0,0.9465286236297199,0.9937185929648241,0.9988326848249027,0.9098660170523751,0.9889447236180905,0.998443579766537,0.9267965895249696,0.9923366834170855,0.9988326848249027
251,"/max_iter=100,std_len=5,init_mask_prob=1,temperature=10,sample=True,top_k=100",sequential,0.027999999999999997,0.002,0.027000000000000003,0.001,0.8590182648401826,0.9869565217391304,0.9979418886198547,0.7771689497716895,0.972855464159812,0.9957627118644068,0.7769406392694064,0.9773207990599295,0.9976997578692494
252,"/max_iter=500,std_len=0,init_mask_prob=0,temperature=0.1,sample=False,top_k=0",sequential,0.057999999999999996,0.004,0.078,0.003,0.3252542136787853,0.5627074613941405,0.7423266956131157,0.28848028973394624,0.5844999278395151,0.7832010780056895,0.324418442680039,0.6237552316351566,0.8135948495283725
253,"/max_iter=500,std_len=0,init_mask_prob=0,temperature=0.1,sample=True,top_k=0",sequential,0.062,0.008,0.07200000000000001,0.008,0.30758407204164906,0.5540974044911052,0.7383870479648964,0.2808498663289714,0.5866141732283464,0.7812074443940081,0.3061770085830871,0.610527850685331,0.8067786351944318
254,"/max_iter=500,std_len=0,init_mask_prob=0,temperature=0.1,sample=True,top_k=100",sequential,0.057999999999999996,0.006999999999999999,0.069,0.003,0.3158194503773316,0.557950686549535,0.7321784455005366,0.28577530969671083,0.5879226339878931,0.7849149164494864,0.3156770610850064,0.6211427727742507,0.8053043078338188
255,"/max_iter=500,std_len=0,init_mask_prob=0,temperature=1,sample=False,top_k=0",sequential,0.067,0.004,0.076,0.009000000000000001,0.3023745960376563,0.5361875637104995,0.7210637654880628,0.28214135169312915,0.5666229794670161,0.76186158960411,0.3057468034284109,0.5983690112130479,0.7878513145965549
256,"/max_iter=500,std_len=0,init_mask_prob=0,temperature=1,sample=True,top_k=0",sequential,0.055,0.004,0.061,0.003,0.6251210402545304,0.8623011892821321,0.9558626839054837,0.491630930972472,0.8029803696804699,0.9311933422499629,0.541292018259787,0.8416678607250322,0.9591321147272998
257,"/max_iter=500,std_len=0,init_mask_prob=0,temperature=1,sample=True,top_k=100",sequential,0.061,0.003,0.07200000000000001,0.003,0.5708088441085922,0.8252610208816705,0.931086367739994,0.44948222781975933,0.7752320185614849,0.9166415889256696,0.4920235096557515,0.810614849187935,0.9413180860668071
258,"/max_iter=500,std_len=0,init_mask_prob=0,temperature=10,sample=False,top_k=0",sequential,0.064,0.011000000000000001,0.07,0.003,0.3062823562333846,0.5424097433666811,0.7272453738528659,0.2806772072198125,0.5759025663331884,0.7752369489995486,0.3102000839513082,0.6063505872118312,0.7953964194373402
259,"/max_iter=500,std_len=0,init_mask_prob=0,temperature=10,sample=True,top_k=0",sequential,0.009000000000000001,0.0,0.01,0.0,0.9453881968038254,0.9920748343510458,0.997582919296361,0.9156914558953064,0.9879173704040535,0.9974486370350477,0.9304139927016484,0.9916850721060153,0.997582919296361
260,"/max_iter=500,std_len=0,init_mask_prob=0,temperature=10,sample=True,top_k=100",sequential,0.023,0.001,0.024,0.001,0.7721861471861472,0.930551666199944,0.9719965177016832,0.6912878787878788,0.9066087930551666,0.9638711549622752,0.7060335497835498,0.9200504060487259,0.972576900754498
261,"/max_iter=500,std_len=0,init_mask_prob=1,temperature=0.1,sample=False,top_k=0",sequential,0.019,0.0,0.043,0.0,0.0,0.0,0.0,0.001,0.0026666666666666666,0.004,0.003,0.004,0.004
262,"/max_iter=500,std_len=0,init_mask_prob=1,temperature=0.1,sample=True,top_k=0",sequential,0.255,0.017,0.107,0.006999999999999999,0.011180801745295883,0.02276043186460461,0.03608409162221525,0.020452686119443685,0.05806828129559381,0.08848446815186696,0.02617943823288792,0.06390428946600525,0.0913084405396925
263,"/max_iter=500,std_len=0,init_mask_prob=1,temperature=0.1,sample=True,top_k=100",sequential,0.267,0.018000000000000002,0.106,0.008,0.016591676040494937,0.02862307924073516,0.04120700843608047,0.024746906636670417,0.06146429647484182,0.08663205710577547,0.030089988751406074,0.06507984332630311,0.08890330953926022
264,"/max_iter=500,std_len=0,init_mask_prob=1,temperature=1,sample=False,top_k=0",sequential,0.019,0.0,0.043,0.0,0.0,0.0,0.0,0.001,0.0026666666666666666,0.004,0.003,0.004,0.004
265,"/max_iter=500,std_len=0,init_mask_prob=1,temperature=1,sample=True,top_k=0",sequential,0.087,0.019,0.062,0.003,0.5836915636754433,0.8213640783442144,0.8993385102099511,0.4752821063944116,0.7883039311015418,0.8960310612597067,0.5051047823750672,0.8059452701764134,0.911130284728214
266,"/max_iter=500,std_len=0,init_mask_prob=1,temperature=1,sample=True,top_k=100",sequential,0.141,0.017,0.064,0.004,0.42030629608621667,0.681538009979454,0.7974452554744526,0.36372660238230287,0.6847666568828882,0.8269464720194647,0.3516732841747022,0.6879953037863222,0.8353102189781022
267,"/max_iter=500,std_len=0,init_mask_prob=1,temperature=10,sample=False,top_k=0",sequential,0.019,0.0,0.043,0.0,0.0,0.0,0.0,0.001,0.0026666666666666666,0.004,0.003,0.004,0.004
268,"/max_iter=500,std_len=0,init_mask_prob=1,temperature=10,sample=True,top_k=0",sequential,0.009000000000000001,0.0,0.01,0.0,0.9559007767476823,0.9946973616140714,0.9990644212777332,0.9210724129290905,0.9910760475944128,0.9990644212777332,0.9366073665747933,0.9943093636833937,0.9990644212777332
269,"/max_iter=500,std_len=0,init_mask_prob=1,temperature=10,sample=True,top_k=100",sequential,0.027000000000000003,0.001,0.026000000000000002,0.001,0.8213981762917933,0.9690282131661442,0.9945631067961165,0.7420060790273556,0.9529780564263323,0.9895145631067961,0.7440729483282674,0.961128526645768,0.993915857605178
270,"/max_iter=500,std_len=5,init_mask_prob=0,temperature=0.1,sample=False,top_k=0",sequential,0.059000000000000004,0.006999999999999999,0.076,0.008,0.2970453241537579,0.54239809580482,0.725123609394314,0.275530694205393,0.5728949717346028,0.7720951792336218,0.30866322432587495,0.6054745611425171,0.796353522867738
271,"/max_iter=500,std_len=5,init_mask_prob=0,temperature=0.1,sample=True,top_k=0",sequential,0.07200000000000001,0.005,0.071,0.006999999999999999,0.3175773344897369,0.5680863827234554,0.7402617637893425,0.2911246024862677,0.5992801439712058,0.7909005920847616,0.32220294882914136,0.6241751649670066,0.8102212527267061
272,"/max_iter=500,std_len=5,init_mask_prob=0,temperature=0.1,sample=True,top_k=100",sequential,0.069,0.004,0.077,0.005,0.3123063925654745,0.5488908347927612,0.7370493789760678,0.27907631653055476,0.5723876240513719,0.7827930930021205,0.3124471979724021,0.6096030356100408,0.8049076037564374
273,"/max_iter=500,std_len=5,init_mask_prob=0,temperature=1,sample=False,top_k=0",sequential,0.067,0.006,0.076,0.004,0.3192754033399377,0.5475352112676056,0.720682302771855,0.28927257288423436,0.5771713615023474,0.7753579043557721,0.3225304273988112,0.6062206572769953,0.7962229667986598
274,"/max_iter=500,std_len=5,init_mask_prob=0,temperature=1,sample=True,top_k=0",sequential,0.052000000000000005,0.005,0.065,0.005,0.6141179839633448,0.8615978615978616,0.9582048118445404,0.48711340206185566,0.7986337986337987,0.9322948797038865,0.5468213058419243,0.8446688446688446,0.9615977791486736
275,"/max_iter=500,std_len=5,init_mask_prob=0,temperature=1,sample=True,top_k=100",sequential,0.059000000000000004,0.003,0.07400000000000001,0.008,0.5625170625170626,0.8271622385528548,0.9246996777029006,0.4486759486759487,0.7796777840587903,0.9208907119835922,0.5054600054600055,0.8181175805539853,0.9402285379431585
276,"/max_iter=500,std_len=5,init_mask_prob=0,temperature=10,sample=False,top_k=0",sequential,0.065,0.005,0.073,0.002,0.303869710467706,0.5416786847418518,0.7188809096349491,0.2767260579064588,0.5706662820882608,0.7692998204667864,0.298858574610245,0.5922988174214018,0.7869539198084979
277,"/max_iter=500,std_len=5,init_mask_prob=0,temperature=10,sample=True,top_k=0",sequential,0.009000000000000001,0.0,0.01,0.0,0.9516026859242367,0.9917571634175062,0.9991884214797782,0.9195489674395033,0.9896637446029046,0.9990531583930745,0.9319650323071076,0.9913646473897684,0.9990531583930745
278,"/max_iter=500,std_len=5,init_mask_prob=0,temperature=10,sample=True,top_k=100",sequential,0.024,0.002,0.024,0.002,0.7851142032029405,0.9328175895765473,0.9738690643439168,0.7054344972433709,0.9182953311617806,0.9692329305984827,0.7203990548700446,0.9264386536373507,0.9748524866535544
279,"/max_iter=500,std_len=5,init_mask_prob=1,temperature=0.1,sample=False,top_k=0",sequential,0.293,0.098,0.11800000000000001,0.035,0.0,0.0,0.0,0.007647058823529412,0.020634920634920634,0.029310344827586206,0.00823529411764706,0.021904761904761906,0.030344827586206897
280,"/max_iter=500,std_len=5,init_mask_prob=1,temperature=0.1,sample=True,top_k=0",sequential,0.275,0.039,0.102,0.011000000000000001,0.024357838795394153,0.04450691028343874,0.06812531079065141,0.029229406554472984,0.08292340126493324,0.12705121829935356,0.034765279007971654,0.08737409229327711,0.13252113376429636
281,"/max_iter=500,std_len=5,init_mask_prob=1,temperature=0.1,sample=True,top_k=100",sequential,0.295,0.035,0.106,0.006999999999999999,0.03335649756775538,0.062146892655367235,0.09147935180345008,0.03822098679638638,0.10292311471382952,0.15682174594877157,0.039147556173268476,0.10562515352493244,0.16048092002090958
282,"/max_iter=500,std_len=5,init_mask_prob=1,temperature=1,sample=False,top_k=0",sequential,0.261,0.059000000000000004,0.113,0.006999999999999999,0.0,0.0,0.0,0.005965909090909091,0.01712538226299694,0.025165562913907286,0.008238636363636363,0.019877675840978593,0.02682119205298013
283,"/max_iter=500,std_len=5,init_mask_prob=1,temperature=1,sample=True,top_k=0",sequential,0.078,0.015,0.057,0.001,0.5733562640560921,0.8093544857768052,0.8942675159235669,0.4716232305860564,0.7789934354485777,0.8942675159235669,0.4995369757904485,0.8021061269146609,0.9095541401273886
284,"/max_iter=500,std_len=5,init_mask_prob=1,temperature=1,sample=True,top_k=100",sequential,0.115,0.021,0.062,0.008,0.4086607398910238,0.6534918276374443,0.7696577243293247,0.350731287639805,0.6705794947994056,0.8126734505087881,0.3467163751075423,0.6713224368499257,0.8208448967005859
285,"/max_iter=500,std_len=5,init_mask_prob=1,temperature=10,sample=False,top_k=0",sequential,0.36,0.052000000000000005,0.132,0.018000000000000002,0.0,0.0,0.0,0.005115089514066497,0.015027322404371584,0.021994134897360705,0.007161125319693095,0.016939890710382512,0.02346041055718475
286,"/max_iter=500,std_len=5,init_mask_prob=1,temperature=10,sample=True,top_k=0",sequential,0.009000000000000001,0.001,0.01,0.001,0.9491438793764375,0.9947201689545935,0.999044499044499,0.9168157423971377,0.9915522703273495,0.9986349986349986,0.9329159212880143,0.9939281942977825,0.999044499044499
287,"/max_iter=500,std_len=5,init_mask_prob=1,temperature=10,sample=True,top_k=100",sequential,0.027000000000000003,0.003,0.026000000000000002,0.001,0.8299056375514154,0.9748003992015968,0.9942055112026783,0.7545366561819502,0.9582085828343313,0.9885397888230749,0.7470360512944593,0.9628243512974052,0.9931753798609323
